Name;Values
A;14.708000,14.989100,15.273600,15.561600,15.853000,16.148001,16.446400,16.748400,17.053801,17.362801,17.675301,17.991301,18.310801,18.633900,18.960501,19.290701,19.624399,19.961700,20.302601,20.646999,20.995001,21.346500,21.701599,22.060301,22.422501,22.788300,23.157700,23.530701,23.907200,24.287300,24.670900,25.058100,25.448900,25.843201,26.241100,26.642500,27.047501,27.455999,27.868099,28.283600,28.702700,29.125299,29.551500,29.981100,30.414200,30.850800,31.290899,31.734501,32.181499,32.632000,33.085899,33.543201,34.004002,34.468201,34.935799,35.406799,35.881100,36.358799,36.839901,37.324299,37.812099,38.303101,38.797501,39.295101,39.796001,40.300201,40.807598,41.318199,41.832001,42.349098,42.869301,43.392601,43.919201,44.448799,44.981602,45.517399,46.056301,46.598301,47.143299,47.691299,48.242298,48.796299,49.353298,49.913200,50.476002,51.041801,51.610401,52.181801,52.756100,53.333199,53.913200,54.495800,55.081299,55.669399,56.260300,56.853901,57.450100,58.048901,58.650398,59.254501,59.861099,60.470299,61.082001,61.696201,62.312801,62.931999,63.553501,64.177498,64.803802,65.432503,66.063499,66.696800,67.332397,67.970200,68.610199,69.252502,69.896896,70.543503,71.192200,71.843002,72.495903,73.150803,73.807701,74.466599,75.127502,75.790298,76.455101,77.121696,77.790199,78.460503,79.132599,79.806503,80.482101,81.159500,81.838600,82.519302,83.201698,83.885597,84.571198,85.258400,85.946999,86.637199,87.328796,88.021896,88.716499,89.412399,90.109703,90.808296,91.508202,92.209503,92.912003,93.615700,94.320602,95.026703,95.733902,96.442299,97.151802,97.862297,98.573898,99.286400,100,100.71500,101.43000,102.14600,102.86400,103.58200,104.30100,105.02000,105.74100,106.46200,107.18400,107.90600,108.63000,109.35400,110.07800,110.80300,111.52900,112.25500,112.98200,113.70900,114.43600,115.16400,115.89300,116.62200,117.35100,118.08000,118.81000,119.54000,120.27000,121.00100,121.73100,122.46200,123.19300,123.92400,124.65500,125.38600,126.11800,126.84900,127.58000,128.31200,129.04300,129.77400,130.50500,131.23599,131.96600,132.69701,133.42700,134.15700,134.88699,135.61700,136.34599,137.07500,137.80400,138.53200,139.25999,139.98801,140.71500,141.44099,142.16701,142.89301,143.61800,144.34300,145.06700,145.78999,146.51300,147.23500,147.95700,148.67799,149.39799,150.11700,150.83600,151.55400,152.27100,152.98801,153.70399,154.41800,155.13200,155.84500,156.55800,157.26900,157.97900,158.68900,159.39700,160.10400,160.81100,161.51601,162.22099,162.92400,163.62601,164.32700,165.02800,165.72600,166.42400,167.12100,167.81599,168.50999,169.20300,169.89500,170.58600,171.27499,171.96300,172.64999,173.33501,174.01900,174.70200,175.38300,176.06300,176.74100,177.41901,178.09399,178.76900,179.44099,180.11301,180.78300,181.45100,182.11800,182.78300,183.44701,184.10899,184.77000,185.42900,186.08701,186.74300,187.39700,188.05000,188.70100,189.35001,189.99800,190.64400,191.28799,191.93100,192.57201,193.21100,193.84900,194.48399,195.11800,195.75000,196.38100,197.00900,197.63600,198.26100,198.88400,199.50600,200.12500,200.74300,201.35899,201.97200,202.58400,203.19501,203.80299,204.40900,205.01300,205.61600,206.21600,206.81500,207.41100,208.00600,208.59900,209.18900,209.77800,210.36501,210.94901,211.53200,212.11200,212.69099,213.26801,213.84200,214.41499,214.98500,215.55299,216.12000,216.68401,217.24600,217.80600,218.36400,218.92000,219.47301,220.02499,220.57401,221.12199,221.66701,222.21001,222.75101,223.28999,223.82600,224.36099,224.89301,225.42300,225.95100,226.47701,227,227.52200,228.04100,228.55800,229.07300,229.58501,230.09599,230.60400,231.11000,231.61400,232.11501,232.61501,233.11200,233.60600,234.09900,234.58900,235.07800,235.56400,236.04700,236.52901,237.00800,237.48500,237.95900,238.43201,238.90199,239.37000,239.83600,240.29900,240.75999,241.21899,241.67500
D50;49.308102,50.028599,50.749001,51.469501,52.189999,52.910400,53.630901,54.351398,55.071899,55.792301,56.512798,56.864899,57.216999,57.569099,57.921200,58.273300,58.625401,58.977501,59.329601,59.681702,60.033798,59.812199,59.590500,59.368900,59.147301,58.925598,58.703999,58.482399,58.260799,58.039101,57.817501,59.518200,61.219002,62.919701,64.620499,66.321198,68.021896,69.722702,71.423401,73.124199,74.824898,76.067101,77.309402,78.551598,79.793800,81.036003,82.278297,83.520500,84.762703,86.004997,87.247200,87.583702,87.920197,88.256699,88.593201,88.929703,89.266197,89.602699,89.939201,90.275703,90.612198,90.687798,90.763397,90.838997,90.914597,90.990196,91.065697,91.141296,91.216904,91.292503,91.368103,91.742104,92.116203,92.490196,92.864304,93.238297,93.612297,93.986397,94.360397,94.734497,95.108498,94.793900,94.479301,94.164803,93.850197,93.535599,93.221001,92.906403,92.591904,92.277298,91.962700,92.338799,92.714897,93.091003,93.467102,93.843201,94.219299,94.595398,94.971497,95.347603,95.723701,95.812698,95.901604,95.990601,96.079498,96.168503,96.257500,96.346397,96.435402,96.524300,96.613297,96.664902,96.716400,96.767998,96.819603,96.871201,96.922699,96.974297,97.025902,97.077400,97.128998,97.625999,98.123001,98.620003,99.116997,99.613998,100.11100,100.60800,101.10500,101.60200,102.09900,101.96500,101.83000,101.69600,101.56100,101.42700,101.29200,101.15800,101.02400,100.88900,100.75500,100.91100,101.06700,101.22300,101.38000,101.53600,101.69200,101.84800,102.00500,102.16100,102.31700,102.08500,101.85400,101.62200,101.39000,101.15800,100.92700,100.69500,100.46300,100.23200,100,99.773499,99.546997,99.320503,99.094002,98.867500,98.640999,98.414497,98.188004,97.961502,97.735001,97.853302,97.971603,98.089897,98.208199,98.326500,98.444801,98.563103,98.681396,98.799698,98.917999,98.376099,97.834198,97.292198,96.750298,96.208397,95.666496,95.124603,94.582603,94.040703,93.498802,93.917702,94.336601,94.755501,95.174400,95.593300,96.012199,96.431099,96.849998,97.268898,97.687798,97.845901,98.004097,98.162201,98.320297,98.478401,98.636597,98.794701,98.952797,99.111000,99.269096,99.246300,99.223602,99.200798,99.178101,99.155296,99.132500,99.109802,99.086998,99.064301,99.041496,98.709503,98.377602,98.045601,97.713600,97.381599,97.049698,96.717697,96.385696,96.053802,95.721802,96.035301,96.348900,96.662399,96.975998,97.289497,97.602997,97.916603,98.230103,98.543701,98.857201,98.538200,98.219200,97.900200,97.581200,97.262199,96.943199,96.624199,96.305199,95.986198,95.667198,95.919502,96.171700,96.424004,96.676201,96.928497,97.180801,97.432999,97.685303,97.937500,98.189796,98.671204,99.152496,99.633904,100.11500,100.59700,101.07800,101.55900,102.04100,102.52200,103.00300,102.61600,102.22900,101.84200,101.45500,101.06800,100.68100,100.29400,99.907097,99.519997,99.133003,97.957802,96.782600,95.607399,94.432198,93.257004,92.081703,90.906502,89.731300,88.556099,87.380898,87.803200,88.225403,88.647697,89.069901,89.492203,89.914497,90.336700,90.759003,91.181198,91.603500,91.732002,91.860497,91.988998,92.117500,92.246002,92.374603,92.503098,92.631599,92.760101,92.888603,91.285202,89.681801,88.078300,86.474899,84.871498,83.268097,81.664703,80.061203,78.457802,76.854401,77.820099,78.785797,79.751404,80.717102,81.682800,82.648499,83.614197,84.579803,85.545502,86.511200,87.118103,87.724899,88.331802,88.938599,89.545502,90.152397,90.759201,91.366096,91.972900,92.579803,91.144798,89.709801,88.274803,86.839798,85.404800,83.969902,82.534897,81.099899,79.664902,78.229897,76.176102,74.122299,72.068497,70.014702,67.960800,65.906998,63.853199,61.799400,59.745602,57.691799,60.214901,62.737999,65.261200,67.784302,70.307404,72.830498,75.353600,77.876801,80.399902,82.922997,82.458099,81.993202,81.528297,81.063400,80.598503,80.133598,79.668701,79.203796,78.738899,78.274002
D65;82.754898,83.627998,84.501099,85.374199,86.247299,87.120399,87.993599,88.866699,89.739799,90.612900,91.486000,91.680603,91.875198,92.069702,92.264297,92.458900,92.653503,92.848099,93.042603,93.237198,93.431801,92.756798,92.081902,91.406898,90.732002,90.056999,89.382103,88.707100,88.032204,87.357201,86.682297,88.500603,90.318802,92.137100,93.955399,95.773598,97.591904,99.410202,101.22800,103.04700,104.86500,106.07900,107.29400,108.50800,109.72200,110.93600,112.15100,113.36500,114.57900,115.79400,117.00800,117.08800,117.16900,117.24900,117.33000,117.41000,117.49000,117.57100,117.65100,117.73200,117.81200,117.51700,117.22200,116.92700,116.63200,116.33600,116.04100,115.74600,115.45100,115.15600,114.86100,114.96700,115.07300,115.18000,115.28600,115.39200,115.49800,115.60400,115.71100,115.81700,115.92300,115.21200,114.50100,113.78900,113.07800,112.36700,111.65600,110.94500,110.23300,109.52200,108.81100,108.86500,108.92000,108.97400,109.02800,109.08200,109.13700,109.19100,109.24500,109.30000,109.35400,109.19900,109.04400,108.88800,108.73300,108.57800,108.42300,108.26800,108.11200,107.95700,107.80200,107.50100,107.20000,106.89800,106.59700,106.29600,105.99500,105.69400,105.39200,105.09100,104.79000,105.08000,105.37000,105.66000,105.95000,106.23900,106.52900,106.81900,107.10900,107.39900,107.68900,107.36100,107.03200,106.70400,106.37500,106.04700,105.71900,105.39000,105.06200,104.73300,104.40500,104.36900,104.33300,104.29700,104.26100,104.22500,104.19000,104.15400,104.11800,104.08200,104.04600,103.64100,103.23700,102.83200,102.42800,102.02300,101.61800,101.21400,100.80900,100.40500,100,99.633400,99.266800,98.900299,98.533699,98.167099,97.800499,97.433899,97.067398,96.700798,96.334198,96.279602,96.224998,96.170303,96.115700,96.061096,96.006500,95.951897,95.897202,95.842598,95.788002,95.077797,94.367500,93.657303,92.946999,92.236801,91.526604,90.816299,90.106102,89.395798,88.685600,88.817703,88.949699,89.081802,89.213799,89.345901,89.477997,89.610001,89.742104,89.874100,90.006203,89.965500,89.924797,89.884102,89.843399,89.802597,89.761902,89.721199,89.680496,89.639801,89.599098,89.409103,89.219002,89.028999,88.838898,88.648903,88.458900,88.268799,88.078796,87.888702,87.698700,87.257698,86.816704,86.375702,85.934700,85.493599,85.052597,84.611603,84.170601,83.729599,83.288597,83.329697,83.370697,83.411797,83.452797,83.493896,83.535004,83.575996,83.617104,83.658096,83.699203,83.332001,82.964699,82.597504,82.230202,81.862999,81.495796,81.128502,80.761299,80.393997,80.026802,80.045601,80.064400,80.083099,80.101898,80.120697,80.139503,80.158302,80.177002,80.195801,80.214600,80.420898,80.627197,80.833603,81.039902,81.246201,81.452499,81.658798,81.865196,82.071503,82.277802,81.878403,81.479103,81.079697,80.680397,80.280998,79.881599,79.482300,79.082901,78.683601,78.284203,77.427902,76.571602,75.715302,74.859001,74.002701,73.146500,72.290199,71.433899,70.577599,69.721298,69.910103,70.098900,70.287598,70.476402,70.665199,70.853996,71.042801,71.231499,71.420303,71.609100,71.883102,72.157097,72.431099,72.705101,72.978996,73.252998,73.527000,73.801003,74.074997,74.348999,73.074501,71.800003,70.525497,69.250999,67.976501,66.702003,65.427498,64.153000,62.878502,61.604000,62.432201,63.260300,64.088501,64.916603,65.744797,66.572998,67.401100,68.229301,69.057404,69.885597,70.405701,70.925903,71.445999,71.966202,72.486298,73.006401,73.526604,74.046700,74.566902,75.086998,73.937599,72.788101,71.638702,70.489304,69.339798,68.190399,67.041000,65.891602,64.742104,63.592701,61.875198,60.157799,58.440300,56.722900,55.005402,53.287998,51.570499,49.853100,48.135601,46.418201,48.456902,50.495602,52.534401,54.573101,56.611801,58.650501,60.689201,62.728001,64.766701,66.805397,66.463097,66.120903,65.778603,65.436401,65.094101,64.751801,64.409599,64.067299,63.725101,63.382801
Philips_LED;0.070439003,0.0079659997,0.35004601,0.53798097,0.73543698,1.1184220,1.3534110,2.0629570,2.4630270,3.3575001,4.0839348,5.7299342,6.9539680,8.6532869,10.661533,12.650489,15.154285,18.445801,21.582668,25.784458,30.316294,35.112072,40.928371,47.355549,54.531597,62.112968,70.558044,79.698914,89.567406,100.11145,111.10138,122.80540,135.12508,147.47762,160.79520,174.41774,188.66945,202.72047,217.25018,231.32047,245.18619,257.10248,267.89554,277.29117,284.02325,287.85260,288.54742,285.86844,279.81570,270.94504,258.49213,243.64978,226.60719,209.38699,191.40633,174.57211,158.66054,144.11934,130.84805,119.70374,110.00510,102.05312,94.907997,88.776085,83.246391,78.502266,74.611214,70.878433,67.081963,63.823986,60.813057,58.275955,55.963722,53.941956,52.163387,50.829697,49.812546,49.068504,48.950764,48.684410,49.116753,49.337746,50.144524,51.106670,52.402721,53.907219,55.760098,58.201649,60.750324,63.901184,67.377266,71.198830,75.821373,80.999771,86.637543,92.910301,99.569138,106.78186,114.56586,122.38080,130.99086,139.66081,148.73991,157.93486,167.39226,176.82262,186.26076,195.95357,205.68507,215.42427,224.78906,233.99170,242.77353,251.97237,260.36044,268.25067,276.06366,283.86118,290.79404,297.90445,304.48215,310.88235,316.91962,322.81021,328.04465,333.01651,338.01926,342.72867,347.05206,351.03580,355.13528,358.78702,362.48505,366.06723,369.50284,372.12775,374.96881,377.88712,380.68185,383.47662,385.90079,388.78815,391.32816,394.09976,397.13391,399.62750,402.50720,405.78064,408.95367,412.32751,415.60864,419.36075,422.97379,426.78766,430.63239,434.89404,439.08612,443.46362,448.12671,452.65079,457.49139,462.36295,467.29626,472.39941,477.78815,483.10745,488.47314,493.99310,499.59039,505.22623,510.96243,516.92255,522.88263,528.76550,534.77191,540.93274,546.98553,552.94562,559.09100,564.94299,570.70233,576.41541,582.19025,587.85699,593.27667,598.81976,604.14685,609.56653,614.41492,619.15515,623.95721,628.57404,632.91278,636.85016,640.89563,644.41614,647.99835,650.93207,653.91205,656.41351,659.11560,661.33905,662.88312,664.84412,665.92493,666.95941,667.42267,667.54620,667.99402,667.45355,667.20648,666.31097,665.46173,663.85590,662.34271,660.50525,658.35901,655.84216,653.10919,649.85120,646.74762,643.11908,639.47504,635.46051,631.27606,626.79828,622.11975,617.64197,612.50031,606.67914,600.78082,595.45374,589.47821,583.27106,577.32648,571.01117,564.21735,557.71674,551.24713,544.71576,537.56671,530.68024,523.74738,516.44391,509.24857,501.55133,494.35602,486.73602,479.10834,471.41888,463.65997,455.73892,448.36600,440.76917,433.18787,425.28995,419.24490,411.84113,404.38327,396.74014,389.27460,381.50021,374.39752,367.11722,359.84467,352.51804,345.29959,338.15057,330.91656,323.89877,316.94278,310.17206,303.28549,296.63055,289.92938,283.36703,277.29886,270.57443,264.74564,258.61566,252.85629,247.00044,241.22951,235.40450,229.85359,224.17915,219.00266,213.53279,208.14015,202.90578,197.74855,192.82301,188.40700,183.49295,179.05379,174.05490,169.49600,165.28844,161.12331,157.04317,152.83940,148.52757,144.30455,141.05815,137.11313,133.47685,129.83281,126.62114,122.99644,120.06852,116.96306,113.50238,110.42387,107.53456,104.68767,101.80994,99.082771,96.538887,93.649574,90.702293,88.671898,86.587349,84.107254,81.698479,79.751030,77.402115,75.576256,73.792870,71.198830,69.971298,67.780655,65.873734,64.173325,62.494156,60.643208,59.273815,57.485592,56.084351,55.002537,53.290554,51.743595,50.370342,48.751003,48.060032,46.554562,45.312557,43.975010,42.806339,42.140465,41.122345,39.615921,38.481026,38.361359,37.421417,35.881210,35.426674,34.338104,33.611427,32.885719,32.133953,31.675560,30.635242,29.661995,29.188643,28.948835,28.070642,27.092579,26.664099,25.988089,25.300493,24.754761,24.593599,24.452221,23.449547,23.368965,23.077517,22.130327,21.200996,22.202707,20.976139,19.752472
Concord;0.25695100,0.028251000,0.48938900,0.036993001,0.0041410001,0.051344000,0.10196200,0.23604600,0.21918200,0.40598401,0.70445198,1.3200200,1.1825449,1.5675350,1.7384920,2.9112360,3.7862761,4.6686368,5.1030521,6.1980319,7.7603312,9.1216888,10.861757,13.158306,14.847767,17.569744,20.724747,24.054356,27.431061,31.776133,36.434105,41.399059,47.008354,53.365803,60.481056,67.882507,76.047691,85.336960,95.130424,105.93378,118.05550,130.27811,144.81410,161.16519,179.45308,199.46999,222.55087,247.71370,274.94678,302.70782,331.18069,358.45520,384.27063,405.99890,423.54538,435.44458,441.04431,440.22565,434.29388,422.84537,407.69547,389.31866,370.47906,350.48279,331.21628,314.66638,300.41217,287.52222,276.24588,266.78455,258.04697,250.35930,242.88512,235.37549,227.04716,219.74503,213.07173,206.44583,200.26491,194.64738,189.99683,186.28062,184.16286,182.37448,180.93007,180.86179,181.38687,182.95282,184.44176,186.50891,189.20204,192.24510,194.78386,197.74382,200.70976,203.80022,207.07468,210.43806,213.75394,218.19090,222.10588,226.64374,231.71552,237.02452,242.25043,247.86198,253.34303,258.56894,263.60513,269.22852,274.08072,279.02783,283.61920,288.98157,293.45410,297.92081,302.45865,307.03210,311.83093,317.57895,322.99469,328.97992,334.38971,340.22083,345.93314,351.39041,356.97223,362.77960,367.14539,371.16711,375.56863,379.88107,384.31802,388.36365,392.34381,396.08090,399.56882,402.45166,404.71771,406.55661,408.00388,409.61734,411.15964,412.77310,414.27985,415.66788,418.09991,421.03027,423.77078,426.59430,429.14499,431.71942,434.09210,436.57166,438.86133,441.11548,443.15601,445.32703,447.43884,448.94543,450.77249,452.48087,453.91632,456.58569,460.19229,463.66827,466.84781,470.35947,473.66937,477.07434,480.24191,483.68231,486.24496,487.98892,489.79208,491.41748,493.22079,495.35623,497.20694,499.15256,501.31174,503.41162,504.18277,504.78784,505.47589,506.33017,507.54019,508.48923,509.60449,510.88580,512.30945,514.97870,518.70398,522.53595,525.86963,529.95068,534.01990,538.10107,542.39575,546.34631,550.83081,555.37463,559.83533,564.09442,568.49579,572.70734,576.96643,581.64075,585.91162,591.23846,597.96521,604.50208,611.13397,617.20813,623.44843,629.54633,635.59680,641.55243,646.67743,650.68744,653.53473,656.12097,658.65973,661.00879,663.39337,665.68311,667.20166,668.24561,668.91003,667.62872,665.24408,662.95441,661.32910,657.78186,654.87524,651.51782,647.99432,644.83856,642.28784,640.60327,637.73224,635.84595,632.63086,629.65308,626.73468,622.62982,618.91650,614.93024,610.46954,605.79523,600.80054,595.84161,590.62152,585.30670,579.86121,573.68030,569.29071,565.86200,561.06915,556.78632,552.56281,547.74622,543.27362,538.56372,532.75055,526.64081,519.42761,511.85861,504.46753,496.50693,488.49896,480.83505,472.94574,465.45975,457.38062,448.79129,439.51382,430.65170,421.13699,412.08505,403.16348,393.86237,384.95273,376.40497,367.63779,359.35684,352.25650,345.12042,338.01410,330.24930,323.07779,316.50525,310.09891,303.46704,297.07251,290.12640,283.80890,276.75009,270.20728,263.88977,258.24277,251.86006,245.79172,239.61676,235.04918,229.82327,225.16077,220.25519,216.04364,211.52357,206.80174,202.24025,197.03798,192.21835,187.29785,182.24399,177.41243,172.39713,168.10248,163.97688,159.22543,154.77068,150.87634,146.81606,142.22186,137.68401,133.97067,129.69380,125.41097,121.78070,118.20676,114.47860,111.59870,108.22349,105.05587,100.88876,99.204117,96.700874,93.902527,90.777931,88.366638,85.792221,83.813957,80.458015,78.252853,76.844040,74.223648,72.426292,70.040222,68.076782,66.746567,65.454910,63.401005,62.182014,60.343136,59.312485,57.469166,55.694057,54.744961,52.794872,51.816120,50.614918,49.627270,46.508606,47.282707,45.356339,43.656864,42.331848,41.768314,40.133354,39.130878,38.671894,37.764324,35.837955,34.822132,34.052471,34.165924,32.794182,31.414289,30.679485,30.206417
CREE;0,0,0,0,0,0.28713500,0.57426900,1.1778010,1.7813350,2.4974930,3.2136500,4.3298368,5.4460230,7.0407672,8.6355104,10.675253,12.714995,15.452101,18.189207,21.645826,25.102448,29.189985,33.277527,38.794693,44.311863,49.553844,54.795826,61.313065,67.830307,74.763680,81.697060,88.214302,94.731537,101.66492,108.59829,116.28340,123.96851,131.51938,139.07025,146.31909,153.56792,161.48795,169.40797,176.99240,184.57683,189.54362,194.51042,196.92670,199.34297,196.38974,193.43651,188.46973,183.50293,176.25409,169.00525,160.74963,152.49402,143.36586,134.23769,126.47875,118.71982,111.78644,104.85306,99.423149,93.993233,90.711121,87.429008,84.905342,82.381676,80.005669,77.629654,76.112770,74.595886,73.260223,71.924553,70.447945,68.971329,68.555191,68.139053,68.226311,68.313560,68.984749,69.655937,70.958046,72.260147,74.267006,76.273857,78.582748,80.891632,84.321404,87.751183,91.744751,95.738319,100.71183,105.68533,111.47098,117.25662,124.67326,132.08989,141.28517,150.48045,159.13878,167.79712,176.58969,185.38225,195.24872,205.11519,220.28406,235.45291,241.15802,246.86311,256.93094,266.99878,276.32828,285.65781,294.78598,303.91412,312.50534,321.09656,329.15082,337.20508,344.18546,351.16580,357.34073,363.51569,369.89197,376.26825,381.77200,387.27576,391.37000,395.46423,400.02832,404.59241,407.61276,410.63309,412.84802,415.06296,418.75449,422.44601,424.25824,426.07043,427.41281,428.75519,430.23181,431.70840,432.44672,433.18503,434.12469,435.06436,435.80267,436.54099,436.74234,436.94370,436.67520,436.40674,436.13828,435.86978,435.93692,436.00403,435.66843,435.33282,434.79590,434.25894,433.65488,433.05078,432.24536,431.43994,430.63452,429.82910,428.88943,427.94977,427.41281,426.87585,425.93619,424.99652,423.51993,422.04330,421.37213,420.70093,419.82837,418.95584,418.41888,417.88193,417.34500,416.80804,417.34500,417.88193,419.96262,422.04330,423.45279,424.86230,427.47992,430.09756,434.59454,439.09149,446.40744,453.72339,462.24750,470.77158,483.72552,496.67947,513.32495,529.97040,550.84436,571.71832,603.12994,634.54156,670.58441,706.62720,748.30804,789.98883,842.14014,894.29150,959.12830,1023.9651,1101.7559,1179.5466,1256.1292,1332.7118,1391.9106,1451.1095,1480.6417,1510.1741,1479.9706,1449.7671,1373.9899,1298.2128,1191.8965,1085.5802,977.31750,869.05481,773.61182,678.16882,600.04248,521.91614,472.85226,423.78839,387.67847,351.56851,325.72775,299.88699,278.74457,257.60214,242.56750,227.53288,217.26370,206.99452,198.06772,189.14091,181.95920,174.77748,168.06560,161.35370,156.18556,151.01741,146.31909,141.62077,137.17749,132.73422,128.78764,124.84106,120.74010,116.63913,113.26977,109.90040,108.41707,106.93375,104.31611,101.69848,98.899620,96.100761,93.664352,91.227936,88.912338,86.596733,84.415375,82.234009,80.126480,78.018944,76.179893,74.340836,72.575607,70.810387,68.783394,66.756401,64.917351,63.078293,61.454014,59.829739,58.749126,57.668514,56.165051,54.661591,53.319214,51.976833,50.560627,49.144421,48.050381,46.956345,45.754917,44.553490,43.076878,41.600262,40.398834,39.197407,38.096657,36.995907,36.015972,35.036037,33.827896,32.619759,31.753927,30.888094,29.653107,28.418119,27.458321,26.498522,25.122585,23.746647,23.109018,22.471390,21.585423,20.699453,20.102097,19.504738,18.598633,17.692530,16.759577,15.826624,15.296385,14.766147,13.767419,12.768689,12.122335,11.475980,10.890703,10.305428,9.6422939,8.9791603,8.3683786,7.7575960,7.2105780,6.6635580,6.3742771,6.0849938,5.3507142,4.6164341,3.7499299,2.8834250,2.1571989,1.4309740,0.77394801,0.11692100,0.058460001,0,0,0,0,0,0,0,0,0,0,0,0,0,0,0,0,0,0,0,0,0,0,0,0,0,0,0
GCI;0,0,0,0,0,0.065606996,0.13121299,0.16525400,0.19929600,0.48491001,0.77052498,1.2098000,1.6490730,2.3754971,3.1019220,4.5988712,6.0958209,9.3607674,12.625713,18.507473,24.389233,32.391792,40.394356,49.070816,57.747276,63.569576,69.391876,74.396568,79.401268,83.667648,87.934029,91.125145,94.316261,97.056458,99.796654,102.12557,104.45449,105.99059,107.52668,109.11233,110.69798,113.22510,115.75223,118.87397,121.99571,124.67149,127.34727,130.07260,132.79793,134.23492,135.67192,137.55487,139.43782,141.17213,142.90643,144.83893,146.77144,148.10933,149.44722,151.62749,153.80775,155.83936,157.87097,159.70438,161.53778,164.11446,166.69113,168.77229,170.85345,172.38956,173.92564,176.55188,179.17810,182.00253,184.82697,187.40364,189.98032,193.69669,197.41304,201.57536,205.73769,209.75136,213.76503,217.82825,221.89146,225.95468,230.01790,232.04951,234.08113,236.70735,239.33359,241.91026,244.48694,247.01405,249.54118,252.11786,254.69453,258.26224,261.82996,265.69495,269.55997,272.13666,274.71332,276.69537,278.67743,281.55142,284.42542,287.05164,289.67786,292.15546,294.63303,297.75476,300.87650,303.35406,305.83163,308.35876,310.88589,313.36346,315.84103,318.36816,320.89529,322.87735,324.85941,327.33698,329.81454,333.72913,337.64368,341.95468,346.26566,350.32886,354.39209,359.69409,364.99609,369.30707,373.61804,376.59116,379.56424,383.23105,386.89786,387.93842,388.97900,388.78079,388.58261,387.88889,387.19516,385.75815,384.32117,383.72656,383.13193,383.23105,383.33014,384.27161,385.21310,387.29425,389.37543,393.48819,397.60095,403.10117,408.60138,414.89444,421.18747,428.07510,434.96277,442.14774,449.33270,456.86450,464.39633,470.24341,476.09048,480.84741,485.60437,489.86578,494.12723,497.05075,499.97430,502.10501,504.23572,506.61420,508.99265,510.42966,511.86664,514.04694,516.22717,518.45697,520.68683,524.99780,529.30878,534.80896,540.30920,544.27332,548.23743,552.44928,556.66119,561.61633,566.57147,571.22931,575.88715,579.10797,582.32886,586.83801,591.34717,595.26178,599.17633,601.95123,604.72607,609.08661,613.44714,618.00586,622.56464,625.24042,627.91620,631.63251,635.34888,638.02466,640.70044,644.06995,647.43945,652.29547,657.15155,660.02551,662.89954,666.91321,670.92682,673.80084,676.67480,682.76965,688.86450,693.42322,697.98193,703.13531,708.28864,713.59064,718.89264,724.49200,730.09131,733.01483,735.93835,736.23566,736.53302,735.49243,734.45184,728.45612,722.46039,713.98706,705.51379,696.19812,686.88245,672.61157,658.34076,643.92133,629.50183,612.90210,596.30237,581.73419,567.16608,553.09344,539.02087,526.63300,514.24512,503.39334,492.54156,481.44205,470.34253,462.26563,454.18875,451.31476,448.44077,442.44504,436.44931,429.51212,422.57489,414.94397,407.31305,397.25409,387.19516,374.55954,361.92392,345.77014,329.61636,313.06616,296.51596,278.72699,260.93802,242.95084,224.96365,206.28276,187.60185,172.88507,158.16827,145.78041,133.39255,122.59032,111.78811,101.35257,90.917030,84.227585,77.538132,71.963593,66.389053,61.983929,57.578804,53.317375,49.055950,46.246384,43.436813,41.266460,39.096107,37.436131,35.776157,33.858517,31.940874,30.746685,29.552494,28.720030,27.887566,26.837074,25.786583,25.191965,24.597347,24.126610,23.655870,23.328831,23.001789,22.664841,22.327890,22.065268,21.802645,21.683722,21.564798,21.272444,20.980091,20.786840,20.593590,20.781885,20.970181,20.940451,20.910719,21.044508,21.178297,21.376503,21.574709,21.515247,21.455786,21.668858,21.881927,21.995895,22.109863,22.461679,22.813496,23.061253,23.309010,24.007685,24.706362,25.187010,25.667660,26.207771,26.747881,27.580345,28.412809,29.111486,29.810162,30.910204,32.010246,32.471073,32.931904,33.833740,34.735577,35.949589,37.163597,37.862274,38.560951,39.467743,40.374535,41.543949,42.713364,43.907555,45.101746,46.627930,48.154114,49.487049,50.819984
GE_F40;145.68246,176.79282,214.47650,268.21481,327.89493,365.77261,371.69998,320.35983,251.86713,199.09056,165.73682,155.37427,157.13472,159.32446,163.58217,168.73558,174.29350,179.34991,183.93784,189.26668,193.06827,198.32693,202.69815,208.30768,212.74081,217.34319,222.62662,229.81497,243.61176,273.23407,343.56775,457.54135,594.36993,774.30389,1083.6345,1371.2681,1472.3860,1442.9370,1173.1909,789.66711,554.83289,387.04050,313.07242,299.83493,301.01752,304.09265,306.86026,309.11191,312.79587,315.43344,318.09167,322.31638,325.39767,328.54092,331.97308,334.52606,338.05728,341.61121,344.58936,347.33218,349.07202,351.37320,354.71249,357.21591,359.36850,361.84100,363.61179,365.36603,367.19873,370.05301,370.44516,371.51630,373.12195,373.61316,375.16928,375.84622,376.90497,377.72226,378.67575,378.49826,380.45892,381.22873,382.16364,382.53308,383.84775,384.10159,384.64850,386.65250,387.93210,388.42535,392.72433,395.12869,396.62912,398.19763,396.99234,397.84677,398.99222,400.44928,402.49042,404.98767,406.81006,409.50336,411.81693,413.56293,416.62567,418.77826,420.72241,423.47763,425.71689,427.57434,430.56281,432.95065,433.93304,436.49222,438.14124,439.91199,441.63531,443.95920,444.05826,444.89410,446.83826,446.81348,446.99716,446.51837,446.88779,445.73203,444.69806,444.08304,442.80344,441.69516,439.79022,437.57574,435.98865,433.63791,430.93222,428.55881,426.07394,424.04312,421.91531,420.98038,423.85944,433.35516,461.29340,531.90363,880.16864,1118.8665,1167.0634,1132.5455,776.18408,528.48383,454.30524,412.88599,393.88007,384.99936,382.36591,379.97391,378.17218,375.95148,373.78033,372.34595,371.44199,370.41006,368.31113,366.67657,366.64563,365.67975,365.05234,364.78198,364.18552,364.49304,364.23917,364.36920,365.45892,368.96951,391.55618,445.38736,500.11633,558.19080,577.03778,540.75958,491.36978,434.56046,392.66241,382.29779,380.77881,381.11108,383.95300,386.06226,388.08688,391.06293,393.85532,396.62912,399.48340,401.85889,404.15182,407.54684,410.68387,413.03458,415.51947,417.97955,419.82462,422.08865,423.37857,425.69214,426.94696,428.20175,429.32037,430.26767,431.53488,433.54092,434.52536,436.13516,436.37045,437.24347,436.66559,436.44269,435.81528,437.02261,437.29300,436.93594,436.33331,436.66559,437.04532,436.03818,435.50775,435.59445,434.06927,432.88876,432.51932,431.27689,430.02206,428.49689,428.65582,426.11108,424.76959,423.52716,421.21359,419.79987,417.14163,415.61646,413.26779,411.43512,409.74896,408.01532,405.93497,402.92175,399.64438,398.25336,395.53528,391.53763,388.75763,386.49359,383.76312,380.39288,377.38998,374.14355,371.52249,368.76105,365.38461,361.94626,358.29324,354.64438,352.03156,348.43842,344.36646,339.75995,336.18124,332.13406,328.68951,325.44101,321.11728,317.80273,314.51093,309.91061,306.66830,302.19803,299.15387,294.34924,290.94183,287.17740,282.07764,279.79709,276.46399,272.79034,268.67093,265.55865,261.15442,259.18552,256.79352,256.93387,254.59140,251.28719,247.56607,240.16721,234.00458,231.25554,228.99150,225.41899,220.72581,216.43095,212.41472,208.69981,204.17999,202.01503,198.72939,197.01434,196.19499,193.61519,190.55038,186.40413,182.20627,177.67821,173.80437,170.97278,168.45901,164.48819,162.63692,159.09537,156.22456,153.82019,151.73572,150.27245,146.35115,144.18205,141.73433,140.48570,137.75731,135.82556,132.56262,130.72993,127.78483,125.23186,123.85940,121.22388,116.92902,117.97332,116.99300,117.35210,117.73804,115.09220,111.34633,105.62329,104.32513,101.59261,100.36875,98.777534,96.769417,96.678604,95.989281,99.184105,101.16746,100.68039,97.964378,90.348801,84.757851,83.612419,79.969742,80.293762,79.259781,76.180527,77.008125,79.457909,89.655350,93.556015,92.744919,83.876595,73.130173,68.465889,68.127419,62.705704,64.280418,68.901360,70.504959,70.802155,67.072792,60.575821,59.872051,56.995056,52.778625,49.439331,51.792110
GE_EYC;37.683773,39.432465,41.181152,43.175278,45.169395,46.253380,47.337364,48.380444,49.423519,49.873478,50.323433,51.601715,52.879997,54.551991,56.223984,57.860188,59.496387,61.408699,63.321011,65.453186,67.585365,69.308487,71.031609,72.933693,74.835777,75.919762,77.003746,78.895607,80.787468,82.485023,84.182587,85.261452,86.340324,87.710648,89.080963,90.681374,92.281784,93.733910,95.186043,96.755775,98.325500,100.65198,102.97845,105.73954,108.50063,110.80154,113.10245,115.50562,117.90879,119.34047,120.77215,122.71513,124.65813,126.65224,128.64636,130.79388,132.94139,134.32195,135.70248,137.74774,139.79300,141.63371,143.47444,145.05952,146.64459,149.09889,151.55319,153.90523,156.25728,158.09801,159.93872,162.69981,165.46091,168.17087,170.88083,172.87495,174.86906,177.63016,180.39125,183.45912,186.52701,189.59488,192.66277,196.03743,199.41209,203.19582,206.97952,209.33157,211.68361,214.49583,217.30806,220.17140,223.03476,225.74472,228.45468,230.75558,233.05649,236.38004,239.70357,243.23163,246.75969,249.21399,251.66829,253.66241,255.65654,258.67328,261.69003,264.96243,268.23483,270.79141,273.34796,276.87604,280.40408,283.47195,286.53986,289.86337,293.18692,296.45932,299.73172,303.00412,306.27652,309.03763,311.79871,314.61093,317.42316,321.05347,324.68381,328.16074,331.63766,334.39874,337.15985,340.68790,344.21594,347.13043,350.04492,352.49924,354.95352,358.99292,363.03229,365.84451,368.65671,371.52008,374.38342,377.80923,381.23502,384.35403,387.47305,391.00110,394.52917,398.10837,401.68753,405.06223,408.43689,411.76041,415.08395,419.02106,422.95816,426.94641,430.93466,434.71838,438.50208,442.28580,446.06952,449.90436,453.73923,457.93198,462.12476,465.80621,469.48767,473.01572,476.54379,480.63428,484.72479,488.30399,491.88318,495.25784,498.63251,502.62076,506.60898,509.57462,512.54022,515.91486,519.28955,522.25519,525.22076,529.36243,533.50403,538.20813,542.91223,545.62219,548.33215,551.04211,553.75208,557.22900,560.70593,563.82489,566.94391,569.14258,571.34125,574.92041,578.49957,581.66974,584.83990,586.93628,589.03265,592.96979,596.90686,601.30414,605.70148,608.46252,611.22363,615.16077,619.09784,622.16571,625.23364,629.11957,633.00555,638.27209,643.53864,646.86218,650.18567,654.63409,659.08252,662.20154,665.32056,670.99615,676.67169,680.45544,684.23914,688.48303,692.72693,696.86859,701.01019,706.07220,711.13422,714.91791,718.70166,721.46271,724.22382,728.26318,732.30255,735.37042,738.43835,742.01752,745.59674,750.86322,756.12976,758.17499,760.22028,764.25964,768.29901,772.38953,776.48004,779.44562,782.41125,784.35425,786.29724,788.95605,791.61487,796.52350,801.43213,804.60223,807.77240,810.99365,814.21490,817.64075,821.06653,825.51495,829.96338,833.03125,836.09912,839.42267,842.74622,845.09821,847.45026,851.18286,854.91547,858.69916,862.48291,865.95984,869.43677,871.89105,874.34534,877.66888,880.99243,884.92950,888.86664,890.75848,892.65033,898.53046,904.41052,908.44995,912.48932,913.15399,913.81873,918.57391,923.32916,927.82867,932.32825,937.95270,943.57715,946.18481,948.79254,952.47400,956.15546,961.47308,966.79077,971.64819,976.50568,978.19305,979.88037,985.19800,990.51569,993.32788,996.14014,997.41840,998.69666,1002.1225,1005.5483,1010.8148,1016.0813,1019.8651,1023.6487,1025.6940,1027.7393,1031.8297,1035.9203,1036.9429,1037.9656,1042.0560,1046.1465,1047.6804,1049.2144,1051.2596,1053.3049,1053.8163,1054.3275,1060.9746,1067.6217,1070.1782,1072.7349,1073.7574,1074.7800,1075.8027,1076.8253,1076.3140,1075.8027,1080.4045,1085.0063,1087.0516,1089.0968,1089.0968,1089.0968,1093.1874,1097.2778,1097.2778,1097.2778,1098.8118,1100.3457,1102.9023,1105.4589,1103.4136,1101.3683,1102.3910,1103.4136,1103.9249,1104.4363,1105.9702,1107.5042,1109.0381,1110.5720,1107.5042,1104.4363,1104.4363,1104.4363,1106.9928,1109.5493,1109.5493,1109.5493,1108.5267,1107.5042
CRS;0,0,0,0,0,0,0,0.14014900,0.28029701,0.30319801,0.32609800,0.48548299,0.64486802,0.81982499,0.99478197,1.3098871,1.6249930,1.9813200,2.3376460,2.8396161,3.3415871,3.9488981,4.5562100,5.6068678,6.6575260,7.8996301,9.1417332,10.917867,12.694001,15.054547,17.415092,20.395775,23.376455,27.278639,31.180820,36.484489,41.788162,48.694843,55.601521,64.120369,72.639221,84.226685,95.814156,111.19389,126.57361,145.43416,164.29471,187.12157,209.94841,235.23016,260.51190,284.51126,308.51059,327.65509,346.79959,359.16568,371.53174,373.18057,374.82938,370.06613,365.30292,353.66965,342.03638,327.83829,313.64023,303.10614,292.57208,283.22885,273.88559,265.00034,256.11508,249.70305,243.29100,236.51257,229.73413,221.67328,213.61244,207.93320,202.25397,197.94875,193.64352,190.62070,187.59789,186.40707,185.21628,185.76587,186.31548,186.68188,187.04828,189.24669,191.44511,194.19313,196.94115,200.33035,203.71957,207.29199,210.86443,215.90245,220.94048,226.89452,232.84854,237.79498,242.74141,247.32143,251.90146,257.48911,263.07672,270.31317,277.54959,281.30524,285.06085,290.55688,296.05292,300.90775,305.76257,310.52579,315.28903,319.86905,324.44907,328.93750,333.42593,336.90674,340.38757,343.86838,347.34921,351.47122,355.59326,359.34888,363.10449,365.94412,368.78372,372.44775,376.11179,378.76819,381.42462,383.71463,386.00464,389.94345,393.88229,396.35550,398.82870,401.21033,403.59195,406.43155,409.27118,411.56119,413.85120,416.59921,419.34723,422.00363,424.66006,426.85846,429.05688,431.07208,433.08731,435.56052,438.03372,440.59854,443.16336,445.54498,447.92661,450.21661,452.50662,454.88824,457.26984,459.74307,462.21628,464.68948,467.16269,469.45273,471.74274,474.67395,477.60516,479.89517,482.18518,484.56680,486.94843,490.06284,493.17725,495.55887,497.94049,500.78009,503.61972,506.00134,508.38293,512.32178,516.26056,520.74902,525.23743,528.16864,531.09985,534.12268,537.14551,541.08435,545.02313,548.96198,552.90082,555.92365,558.94641,563.43488,567.92328,572.04529,576.16736,579.37335,582.57935,587.52582,592.47223,597.41864,602.36511,605.47949,608.59393,612.62433,616.65479,619.40277,622.15082,625.26520,628.37964,632.50165,636.62366,638.36407,640.10449,642.57770,645.05090,645.41736,645.78375,648.62335,651.46295,651.92096,652.37897,653.20337,654.02777,654.30261,654.57739,654.85217,655.12701,654.30261,653.47821,651.55457,649.63098,648.44012,647.24933,644.22650,641.20374,638.27252,635.34125,633.87567,632.41003,627.92163,623.43323,619.76917,616.10516,611.34192,606.57874,601.54071,596.50262,590.54865,584.59460,578.73218,572.86969,567.19049,561.51123,552.71759,543.92395,536.77911,529.63428,526.51984,523.40546,516.81018,510.21497,502.52051,494.82605,487.86441,480.90277,473.20834,465.51389,457.91104,450.30820,442.52216,434.73611,427.77448,420.81284,413.20999,405.60715,398.09592,390.58466,382.43222,374.27975,366.86014,359.44049,353.39484,347.34921,340.66238,333.97552,324.99869,316.02182,309.97620,303.93057,297.88492,291.83929,286.16006,280.48083,273.33597,266.19113,260.32870,254.46628,249.24504,244.02380,238.80258,233.58134,226.80292,220.02448,215.16965,210.31482,205.27679,200.23875,194.92593,189.61310,184.27278,178.93248,174.85625,170.78003,166.46564,162.15126,157.80023,153.44920,149.10735,144.76547,140.79001,136.81454,133.41617,130.01779,126.41789,122.81799,119.27305,115.72811,112.29309,108.85807,106.46729,104.07652,100.77890,97.481285,95.127151,92.773018,89.768517,86.764023,84.867889,82.971764,79.802383,76.633003,74.920074,73.207146,71.210251,69.213364,67.280586,65.347816,63.140244,60.932674,59.128143,57.323612,55.693123,54.062634,52.102383,50.142132,48.887203,47.632275,45.617065,43.601852,42.310284,41.018719,40.011112,39.003506,37.473778,35.944050,34.780720,33.617393,32.582310,31.547222,30.200695,28.854168,28.112204,27.370237
LSI;0.45043799,0.66706502,0.64806700,0.86654299,1.2336299,1.6490090,2.1868589,2.6674621,3.6864591,4.4691420,5.0436468,6.0229440,7.7404032,9.5078955,12.151211,13.786805,17.183981,20.173899,24.058640,28.892511,34.108627,39.812305,46.876072,54.297714,62.435226,71.375000,81.842323,93.192940,105.27023,119.16811,132.85805,148.14438,164.48151,182.05309,200.91859,220.66469,241.95050,263.78735,286.91003,310.89166,336.00244,361.16724,385.02466,410.11383,433.26877,453.93875,472.16690,486.07272,495.89468,501.09192,501.19995,496.44577,486.51575,473.70123,458.18497,441.58865,425.53256,410.47021,398.30396,387.95264,381.01590,377.30984,376.03473,377.66660,380.43253,384.45181,389.01169,391.69131,394.33868,395.74323,395.19214,392.99869,389.84375,384.68967,378.26083,371.12936,364.30066,357.34229,350.40009,343.42548,338.09863,332.86359,327.71503,323.56589,320.08130,316.43463,314.14938,312.46921,310.35141,308.99539,308.21744,307.63397,308.17422,307.68259,309.16830,310.06509,311.97220,313.90088,316.28336,318.61725,322.02621,325.15427,328.68747,331.68585,335.01379,338.35791,341.49136,345.14346,348.17966,351.95059,355.09485,358.61728,361.77234,365.00293,368.20139,370.91330,373.98196,376.90994,379.48157,383.04727,385.86758,388.61179,391.30231,394.38184,397.45050,399.90320,402.62598,405.91074,408.29852,410.93500,413.41995,416.28342,419.23315,421.86966,424.38724,426.81818,428.81729,430.93500,433.46344,436.30515,438.33655,441.38345,443.87930,445.92157,448.06100,449.75739,450.66486,451.69125,452.24234,452.38303,453.05264,454.19797,454.85709,455.50571,456.01328,456.65100,457.49359,457.76370,458.09869,458.34741,458.51999,458.63892,458.43369,458.51999,458.31479,458.43369,458.34741,458.07693,458.23901,457.64478,457.36417,457.08319,456.92111,457.24524,457.35327,457.21262,457.19122,457.47220,457.73141,457.93665,458.19586,458.80096,459.08194,459.65479,460.65942,461.48062,462.43158,463.53375,464.49524,465.69458,466.73184,468.45001,470.08151,471.55093,473.03125,475.07352,477.23434,479.39517,481.67529,483.68494,485.98642,488.73096,490.44876,493.48514,496.19705,498.41226,501.22134,504.36578,507.87714,512.00482,516.18616,519.28748,521.65350,523.57684,525.39215,527.07770,528.38507,530.47046,532.62079,534.99768,536.64008,538.71460,540.54077,542.24805,543.94446,545.14380,546.77527,547.60736,548.08264,548.59058,549.05505,549.40088,549.60614,549.61700,548.44995,548.02863,547.44495,546.42938,545.01398,543.73889,542.14001,540.54077,538.25018,536.09985,533.72296,531.06470,527.89886,524.87335,522.11829,518.17444,514.41437,510.74057,506.74271,501.97763,498.58484,493.08524,489.21716,484.85199,479.46008,474.37088,469.47638,464.00906,459.13596,453.83069,448.28796,442.20465,436.04593,430.58911,424.98148,418.58493,412.63141,406.36465,400.24869,394.25204,387.80145,381.52383,375.72150,369.02258,363.05817,356.84525,350.60541,344.60861,338.64966,332.50705,326.51028,320.16235,314.74908,307.73660,301.81009,295.71609,289.80576,284.59238,279.07642,273.67392,268.07153,262.47455,256.00778,250.47562,245.04614,239.30327,234.23573,228.13632,223.53340,218.04449,212.99316,208.05528,203.51718,198.87103,194.49503,189.68683,184.55986,180.32433,175.71327,170.92128,166.39938,162.24219,158.59277,154.39236,151.03201,147.09358,143.94124,139.33020,136.08061,132.89046,129.31400,125.39449,122.60140,119.03307,116.39124,113.00388,110.29455,107.00712,104.22215,101.64243,99.397705,96.126511,94.276146,91.682968,89.270744,86.546547,84.030342,81.207520,79.430099,76.411469,75.864479,73.300995,72.143501,69.906868,66.921989,65.349876,64.569221,62.809345,61.156170,58.400932,58.014629,56.069740,54.716431,53.192902,51.528957,50.387669,48.560284,48.236122,45.530846,44.563805,43.988430,41.574863,41.462765,40.577438,39.437496,36.335114,37.813393,36.704521,35.842148,35.449787,33.824310,34.053917,32.418976,32.233963,29.203150,31.430325,29.557039
Philips_TH;43.095451,44.133766,45.172085,46.916882,48.661678,49.748165,50.834652,52.172688,53.510723,54.126217,54.741714,56.186794,57.631870,59.408783,61.185696,62.636124,64.086555,65.692200,67.297844,69.053345,70.808846,72.114769,73.420692,75.026337,76.631981,77.798744,78.965515,81.068901,83.172295,85.286392,87.400490,88.984726,90.568954,92.265587,93.962212,95.840820,97.719421,99.159149,100.59887,101.96367,103.32847,105.39974,107.47102,109.87949,112.28795,114.32177,116.35558,118.54996,120.74434,122.13589,123.52745,125.61478,127.70213,129.84299,131.98384,134.44582,136.90781,138.62050,140.33318,142.79517,145.25716,147.39801,149.53886,151.62621,153.71353,156.60370,159.49385,162.11639,164.73895,166.66573,168.59250,171.58969,174.58690,177.15591,179.72495,181.54468,183.36441,185.77287,188.18134,190.91093,193.64052,196.10251,198.56448,201.50816,204.45184,207.82370,211.19554,213.17584,215.15613,217.72516,220.29419,222.97026,225.64633,228.26889,230.89143,233.19286,235.49428,238.75908,242.02390,245.55630,249.08871,251.49718,253.90564,255.83241,257.75919,260.64935,263.53949,266.64374,269.74799,272.26349,274.77899,278.09732,281.41565,284.30582,287.19598,290.19318,293.19037,296.24109,299.29181,302.34253,305.39325,307.90875,310.42429,313.04681,315.66937,319.25531,322.84125,326.15958,329.47791,332.20749,334.93707,338.52301,342.10895,345.05264,347.99631,350.61887,353.24142,357.57666,361.91190,365.01611,368.12036,371.22461,374.32886,378.07535,381.82187,385.03314,388.24442,391.88388,395.52335,399.00223,402.48111,405.74594,409.01074,412.16849,415.32626,419.12628,422.92630,426.67282,430.41931,434.00525,437.59119,441.23065,444.87009,448.56308,452.25604,456.43073,460.60541,464.35190,468.09839,471.68433,475.27026,479.49844,483.72665,487.41962,491.11261,494.75208,498.39151,502.51266,506.63382,509.84509,513.05640,516.69586,520.33533,523.54657,526.75787,531.30719,535.85651,540.78052,545.70447,548.75519,551.80591,554.91016,558.01440,561.81439,565.61444,569.20038,572.78632,575.35535,577.92438,582.09906,586.27368,589.91315,593.55261,596.06812,598.58362,602.86536,607.14703,611.80341,616.45978,619.24292,622.02600,625.61194,629.19788,631.65985,634.12183,637.06555,640.00922,644.34442,648.67969,650.92761,653.17548,656.33325,659.49103,661.09668,662.70227,667.03754,671.37274,673.94177,676.51080,679.61505,682.71930,685.71649,688.71368,692.40668,696.09967,698.88281,701.66589,703.75323,705.84058,709.15887,712.47723,714.72510,716.97302,719.91669,722.86035,727.35620,731.85199,733.29706,734.74213,738.11401,741.48584,744.64362,747.80139,750.15631,752.51123,753.84930,755.18732,757.06055,758.93384,762.73383,766.53387,768.72827,770.92261,773.11700,775.31140,778.09448,780.87762,784.08887,787.30017,789.11993,790.93964,793.02698,795.11432,796.13123,797.14813,798.80731,800.46643,802.33972,804.21295,806.03265,807.85242,808.33411,808.81580,809.99329,811.17072,812.40173,813.63269,813.31158,812.99048,816.09473,819.19897,820.48346,821.76801,819.57361,817.37921,818.93134,820.48346,822.19617,823.90881,826.15674,828.40466,827.54828,826.69196,827.22717,827.76239,829.42157,831.08069,832.57928,834.07788,832.57928,831.08069,832.68634,834.29199,833.86383,833.43567,831.66943,829.90326,829.95673,830.01025,831.50885,833.00745,832.84692,832.68634,831.72296,830.75958,831.18774,831.61591,830.38495,829.15393,829.52856,829.90326,828.67224,827.44122,826.31732,825.19336,822.94543,820.69757,823.26660,825.83563,824.97925,824.12292,822.30316,820.48346,818.93134,817.37921,814.32849,811.27777,811.97357,812.66931,811.06372,809.45807,806.13971,802.82141,802.76788,802.71436,798.96783,795.22137,793.56219,791.90302,790.24384,788.58472,782.37622,776.16772,772.63531,769.10291,766.05219,763.00146,759.25494,755.50842,751.22675,746.94501,740.41541,733.88580,730.29987,726.71393,723.60968,720.50543,714.24341,707.98145,702.57574,697.17010
FL1;4.1166773,4.2502556,4.4064960,6.4311967,27.052681,47.411808,19.103947,5.8067560,5.2243271,5.3626418,5.5065980,5.6509562,5.7963743,5.9429536,6.0907955,6.2399998,6.3919234,6.5450978,6.6993103,6.8543487,7.0100002,7.1658401,7.3219199,7.4780798,7.6341600,7.7900000,7.9449582,8.0994768,8.2535162,8.4070368,8.5600004,8.7127132,8.8647022,9.0158405,9.1660032,42.953030,181.27074,9.6193342,9.7541733,9.8976002,10.039383,10.179224,10.317262,10.453440,10.587705,10.720000,10.851310,10.980280,11.106595,11.229939,11.350000,11.464240,11.575120,11.682880,11.787760,11.890000,11.992080,12.091440,12.187760,12.280720,12.370000,12.454960,12.535680,12.611920,12.683440,12.750000,12.809440,12.863920,12.913680,12.958960,13,13.037040,13.070320,13.100080,13.126560,13.150000,13.173840,13.194320,13.210880,13.222960,13.230000,13.224080,13.213840,13.200560,13.185520,13.170000,13.168720,13.166160,13.160240,13.148880,13.130000,13.087120,13.036160,12.978640,12.916080,12.850000,12.786080,12.720640,12.654160,12.587120,12.520000,12.457120,12.394160,12.330640,12.266080,12.200000,12.127120,12.052960,11.978240,11.903680,11.830000,11.760480,11.692640,11.626560,11.562320,11.500000,11.438080,11.378640,11.322160,11.269120,11.220000,11.175920,11.136560,11.102240,11.073280,11.050000,11.033360,11.022880,11.018720,11.021040,11.030000,11.045440,11.067920,11.097680,11.134960,11.180000,11.233016,11.294278,11.364033,11.442525,11.530000,11.631481,11.741244,11.858341,11.981822,12.700774,103.35275,19.914568,12.516821,12.658960,12.803703,12.949325,13.096922,13.246338,13.397416,13.550000,13.707582,13.865443,14.022512,14.177721,14.330000,14.476240,14.617920,14.754480,14.885360,15.010000,15.129428,15.241099,15.344056,15.437343,15.520000,15.582190,15.635384,15.679520,15.714537,15.740371,19.347071,27.716333,15.762157,29.305214,18.499081,15.699063,15.658880,15.609016,15.549411,15.480000,15.387458,15.283144,15.168100,15.043372,14.910000,14.772560,14.627680,14.475520,14.316240,14.150000,13.975360,13.794480,13.607920,13.416240,13.220000,13.020080,12.816640,12.610160,12.401120,12.190000,11.978560,11.765680,11.551520,11.336240,11.120000,10.902640,10.684720,10.466480,10.248160,10.030000,9.8106403,9.5923204,9.3756800,9.1613598,8.9499998,8.7460804,8.5454397,8.3477602,8.1527205,7.9600000,7.7657599,7.5740800,7.3855200,7.2006402,7.0200000,6.8489599,6.6820798,6.5187201,6.3582401,6.1999998,6.0391998,5.8804002,5.7240000,5.5704002,5.4200001,5.2741599,5.1320801,4.9939198,4.8598399,4.7300000,4.6064801,4.4870400,4.3713598,4.2591200,4.1500001,4.0423999,3.9375999,3.8355999,3.7363999,3.6400001,3.5470400,3.4567201,3.3688800,3.2833600,3.2000000,3.1180000,3.0380001,2.9600000,2.8840001,2.8099999,2.7379999,2.6680000,2.5999999,2.5339999,2.4700000,2.4083200,2.3485601,2.2906401,2.2344799,2.1800001,2.1268001,2.0752001,2.0251999,1.9768000,1.9299999,1.8809600,1.8344800,1.7915200,1.7530400,1.7200000,1.7084000,1.7004000,1.6932000,1.6840000,1.6700000,1.6279200,1.5805600,1.5302401,1.4792800,1.4299999,1.3959200,1.3653600,1.3378400,1.3128800,1.2900000,1.2684000,1.2480000,1.2284000,1.2092000,1.1900001,1.1688000,1.1472000,1.1252000,1.1028000,1.0800000,1.0552000,1.0304000,1.0060000,0.98240000,0.95999998,0.94176000,0.92488003,0.90912002,0.89424002,0.88000000,0.86456001,0.84968001,0.83552003,0.82224000,0.81000000,0.79992002,0.79096001,0.78303999,0.77608001,0.76999998,0.76503998,0.76072001,0.75687999,0.75335997,0.75000000,0.74695998,0.74368000,0.73992002,0.73544002,0.73000002,0.71951997,0.70855999,0.69783998,0.68808001,0.68000001,0.68103999,0.68352002,0.68647999,0.68896002,0.69000000,0.68000001,0.66880000,0.65759999,0.64760000,0.63999999,0.64464003,0.65192002,0.66088003,0.67056000,0.68000001,0.68632001,0.69095999,0.69344002,0.69327998,0.69000000,0.67864001,0.66431999,0.64767998,0.62936002,0.61000001,0.59248000,0.57463998,0.55655998,0.53832000,0.51999998,0.50199997,0.48400000,0.46599999,0.44800001,0.43000001
FL2;2.5261545,2.6033301,2.6975689,4.3522568,22.240959,40.174374,15.190626,3.6766438,3.1629875,3.2410727,3.3231163,3.4048758,3.4872720,3.5704768,3.6546621,3.7400000,3.8290503,3.9190006,4.0094256,4.0999002,4.1900001,4.2766399,4.3627200,4.4484801,4.5341601,4.6199999,4.7080178,4.7962313,4.8844357,4.9724269,5.0599999,5.1462402,5.2318311,5.3167467,5.4009600,34.456944,152.96115,5.6592221,5.7304711,5.8107200,5.8899999,5.9678669,6.0447555,6.1207113,6.1957779,6.2700000,6.3448801,6.4186401,6.4909601,6.5615201,6.6300001,6.6941600,6.7560802,6.8159199,6.8738399,6.9299998,6.9855199,7.0393600,7.0914402,7.1416798,7.1900001,7.2366400,7.2811198,7.3232799,7.3629599,7.4000001,7.4332800,7.4638400,7.4917598,7.5171199,7.5400000,7.5604801,7.5786400,7.5945601,7.6083202,7.6199999,7.6303201,7.6385598,7.6446400,7.6484799,7.6500001,7.6459198,7.6401601,7.6334400,7.6264801,7.6199999,7.6240001,7.6276002,7.6292000,7.6272001,7.6199999,7.5941601,7.5628800,7.5275202,7.4894400,7.4499998,7.4147201,7.3797598,7.3454399,7.3120799,7.2800002,7.2511201,7.2237601,7.1978402,7.1732798,7.1500001,7.1256800,7.1030402,7.0825601,7.0647202,7.0500002,7.0395198,7.0329599,7.0306401,7.0328798,7.0400000,7.0516801,7.0690398,7.0925598,7.1227198,7.1599998,7.2045598,7.2572799,7.3187199,7.3894401,7.4699998,7.5628800,7.6662402,7.7801600,7.9047198,8.0400000,8.1857595,8.3424797,8.5103197,8.6894398,8.8800001,9.0825472,9.2967577,9.5226946,9.7604208,10.010000,10.277098,10.554773,10.841691,11.136513,11.925998,90.113281,18.511702,12.363537,12.678960,12.996543,13.314314,13.633012,13.952168,14.271320,14.590000,14.910566,15.229021,15.544193,15.854911,16.160000,16.459040,16.749920,17.031281,17.301760,17.559999,17.803051,18.031540,18.244503,18.440977,18.620001,18.769863,18.904776,19.024719,19.129677,19.219629,22.468126,29.939354,19.399282,31.243528,21.859690,19.443256,19.427679,19.396957,19.351070,19.290001,19.196463,19.085283,18.957872,18.815641,18.660000,18.496719,18.321760,18.135441,17.938080,17.730000,17.508961,17.278481,17.039520,16.793039,16.540001,16.283279,16.021441,15.754960,15.484320,15.210000,14.932800,14.652800,14.370400,14.086000,13.800000,13.512480,13.224240,12.935760,12.647520,12.360000,12.073040,11.787920,11.505280,11.225760,10.950000,10.683120,10.420160,10.160640,9.9040804,9.6499996,9.3921604,9.1372805,8.8863201,8.6402397,8.3999996,8.1736002,7.9531999,7.7379999,7.5272002,7.3200002,7.1104798,6.9042401,6.7017598,6.5035200,6.3099999,6.1236000,5.9424000,5.7663999,5.5956001,5.4299998,5.2708802,5.1166401,4.9669600,4.8215199,4.6799998,4.5408001,4.4052000,4.2732000,4.1448002,4.0200000,3.8991201,3.7817600,3.6678400,3.5572801,3.4500000,3.3455999,3.2444000,3.1464000,3.0516000,2.9600000,2.8725600,2.7880800,2.7063200,2.6270399,2.5500000,2.4736800,2.3994401,2.3273599,2.2575200,2.1900001,2.1255200,2.0633600,2.0034399,1.9456800,1.8900000,1.8331200,1.7789600,1.7282400,1.6816800,1.6400000,1.6160800,1.5954400,1.5757600,1.5547200,1.5300000,1.4823200,1.4305600,1.3766400,1.3224800,1.2700000,1.2297601,1.1928800,1.1591200,1.1282400,1.1000000,1.0751200,1.0521600,1.0306400,1.0100800,0.99000001,0.96832001,0.94656003,0.92464000,0.90248001,0.88000000,0.85519999,0.83039999,0.80599999,0.78240001,0.75999999,0.74176002,0.72487998,0.70911998,0.69423997,0.68000001,0.66487998,0.65024000,0.63616002,0.62272000,0.61000001,0.59807998,0.58704001,0.57696003,0.56792003,0.56000000,0.55488002,0.55063999,0.54696000,0.54351997,0.54000002,0.53479999,0.52920002,0.52319998,0.51679999,0.50999999,0.50120002,0.49239999,0.48400000,0.47639999,0.47000000,0.46935999,0.46968001,0.47031999,0.47064000,0.47000000,0.46168000,0.45264000,0.44376001,0.43592000,0.43000001,0.43327999,0.43864000,0.44536000,0.45271999,0.46000001,0.46551999,0.46976000,0.47224000,0.47248000,0.47000000,0.45984000,0.44712001,0.43248001,0.41655999,0.40000001,0.38567999,0.37143999,0.35736001,0.34351999,0.33000001,0.31773335,0.30573332,0.29386666,0.28200001,0.27000001
FL3;1.6804186,1.7296307,1.7952352,3.3802104,20.763388,38.185738,13.848751,2.6144063,2.0864925,2.1347735,2.1867111,2.2385302,2.2906857,2.3432603,2.3963375,2.4500000,2.5055180,2.5614905,2.6177042,2.6739452,2.7300000,2.7841599,2.8380799,2.8919201,2.9458399,3,3.0561402,3.1124454,3.1686804,3.2246103,3.2800000,3.3334687,3.3862133,3.4382854,3.4897363,31.350430,145.06068,3.6487477,3.6909552,3.7399199,3.7882717,3.8354371,3.8820791,3.9283111,3.9742470,4.0200000,4.0673628,4.1143508,4.1606569,4.2059755,4.2500000,4.2912002,4.3308001,4.3688002,4.4052000,4.4400001,4.4725599,4.5036802,4.5335202,4.5622401,4.5900002,4.6185598,4.6460800,4.6723199,4.6970401,4.7199998,4.7390399,4.7563200,4.7720799,4.7865601,4.8000002,4.8145599,4.8280802,4.8403201,4.8510399,4.8600001,4.8653598,4.8688798,4.8707199,4.8710399,4.8699999,4.8658400,4.8611202,4.8564801,4.8525600,4.8499999,4.8580799,4.8666401,4.8741598,4.8791199,4.8800001,4.8643999,4.8443999,4.8211999,4.7960000,4.7700000,4.7479200,4.7265601,4.7062402,4.6872802,4.6700001,4.6560001,4.6440001,4.6339998,4.6259999,4.6199999,4.6140800,4.6106400,4.6101599,4.6131201,4.6199999,4.6319199,4.6485600,4.6702399,4.6972799,4.7300000,4.7674398,4.8115201,4.8628802,4.9221601,4.9899998,5.0679998,5.1556001,5.2532001,5.3611999,5.4800000,5.6103201,5.7521601,5.9058399,6.0716801,6.2500000,6.4414401,6.6459198,6.8636799,7.0949602,7.3400002,7.5995536,7.8732185,8.1611071,8.4633303,8.7799997,9.1179047,9.4688091,9.8311567,10.203389,11.077887,88.093910,17.732649,11.754581,12.154240,12.557160,12.960637,13.366079,13.773067,14.181180,14.590000,15.003416,15.415622,15.825119,16.230412,16.629999,17.023439,17.407921,17.781679,18.142960,18.490000,18.818007,19.129011,19.422012,19.696009,19.950001,20.171986,20.376549,20.563601,20.733051,20.884815,24.161486,31.588816,21.233082,33.017769,23.777420,21.418947,21.444401,21.451452,21.440014,21.410000,21.338072,21.244228,21.130350,20.998314,20.850000,20.694160,20.524080,20.339920,20.141840,19.930000,19.700399,19.458401,19.205200,18.941999,18.670000,18.392960,18.108879,17.818319,17.521839,17.219999,16.913040,16.601919,16.287279,15.969760,15.650000,15.329280,15.007440,14.684960,14.362320,14.040000,13.718160,13.397680,13.079120,12.763040,12.450000,12.143760,11.840880,11.541120,11.244240,10.950000,10.652720,10.358960,10.069840,9.7864799,9.5100002,9.2498398,8.9967203,8.7496796,8.5077600,8.2700005,8.0296803,7.7930398,7.5605602,7.3327198,7.1100001,6.8944802,6.6846399,6.4805598,6.2823200,6.0900002,5.9056001,5.7268000,5.5531998,5.3843999,5.2199998,5.0573602,4.8988800,4.7447200,4.5950398,4.4499998,4.3116798,4.1778402,4.0481601,3.9223199,3.8000000,3.6792800,3.5618401,3.4477601,3.3371201,3.2300000,3.1277599,3.0288799,2.9331200,2.8402400,2.7500000,2.6605599,2.5736799,2.4895201,2.4082401,2.3299999,2.2565601,2.1860800,2.1183200,2.0530400,1.9900000,1.9251200,1.8629600,1.8042400,1.7496800,1.7000000,1.6674401,1.6383200,1.6104800,1.5817600,1.5500000,1.4970400,1.4407200,1.3828800,1.3253599,1.2700000,1.2276000,1.1888000,1.1532000,1.1204000,1.0900000,1.0616000,1.0348001,1.0092000,0.98439997,0.95999998,0.93368000,0.90744001,0.88135999,0.85552001,0.82999998,0.80456001,0.77968001,0.75551999,0.73224002,0.70999998,0.69024003,0.67151999,0.65368003,0.63656002,0.62000000,0.60255998,0.58568001,0.56952000,0.55423999,0.54000002,0.52792001,0.51696002,0.50704002,0.49807999,0.49000001,0.48304000,0.47672001,0.47088000,0.46535999,0.46000001,0.45432001,0.44856000,0.44264001,0.43647999,0.43000001,0.42120001,0.41240001,0.40400001,0.39640000,0.38999999,0.38936001,0.38968000,0.39032000,0.39063999,0.38999999,0.38168001,0.37264001,0.36375999,0.35591999,0.34999999,0.35328001,0.35863999,0.36535999,0.37272000,0.38000000,0.38519999,0.38920000,0.39160001,0.39199999,0.38999999,0.38104001,0.36991999,0.35727999,0.34376001,0.33000001,0.32016000,0.31048000,0.30072001,0.29064000,0.28000000,0.26653334,0.25253335,0.23826666,0.22400001,0.20999999