wl,Sepia pure,Iron Gall pure,Bone black pure,Ivory black pure,Grape black,Cherry black,Bistre,Lampblack
400,0.1090893,0.1327128,0.06988385,0.2198895,0.3653467,0.1157972,0.1505258,0.08113179
405,0.1049861,0.127447,0.06406279,0.2152707,0.3632414,0.1095375,0.1459348,0.07591263
410,0.1022712,0.1242013,0.05997401,0.2129813,0.3637736,0.1055655,0.1430994,0.07244027
415,0.1006916,0.122337,0.05704792,0.2121204,0.3649792,0.1029275,0.1415118,0.07006332
420,0.1000382,0.1210631,0.05511847,0.2116557,0.3660046,0.1009831,0.1404711,0.06835949
425,0.1002569,0.1208436,0.05401958,0.2125199,0.3680446,0.09997358,0.1404362,0.06765308
430,0.1004943,0.1205205,0.05315803,0.2129132,0.3687528,0.09911958,0.1404298,0.06697155
435,0.1011307,0.1202566,0.05254737,0.2134216,0.3696088,0.09851054,0.1405631,0.06642498
440,0.1019393,0.1200576,0.05214432,0.2143211,0.3709072,0.09811055,0.141089,0.06606229
445,0.1027853,0.1198606,0.05181387,0.2152318,0.3718444,0.09768321,0.1416888,0.06605637
450,0.103596,0.1196175,0.05148754,0.2161068,0.3728965,0.09735479,0.1421886,0.0657189
455,0.1043816,0.1192217,0.05117392,0.2168436,0.3735744,0.09701834,0.1428206,0.06546791
460,0.1051553,0.1187917,0.05076838,0.2174918,0.3742164,0.09657887,0.1432894,0.06521861
465,0.1057868,0.118271,0.05040421,0.2182391,0.3748783,0.09619225,0.1439052,0.06488954
470,0.106439,0.1179551,0.05004212,0.2191132,0.3755315,0.09589882,0.1445529,0.06463572
475,0.107116,0.1174921,0.04963193,0.2197041,0.3759882,0.09551758,0.1451334,0.06430933
480,0.1079195,0.1172363,0.04937693,0.2206276,0.3770495,0.09529211,0.1459738,0.06415471
485,0.1087528,0.1170114,0.04916859,0.2213592,0.3778445,0.09515213,0.1467294,0.06398811
490,0.1094691,0.1167925,0.04898876,0.2222652,0.3785711,0.09493,0.1474731,0.06380464
495,0.11023,0.116687,0.04895567,0.223201,0.3793162,0.09487875,0.1483215,0.06367422
500,0.111038,0.1165492,0.04885352,0.2239693,0.3799697,0.09475984,0.1492105,0.06362684
505,0.1119636,0.116586,0.04887787,0.2248772,0.3807186,0.09475379,0.1502382,0.06367506
510,0.1127873,0.1167061,0.04898874,0.2258845,0.3815441,0.09484916,0.1512725,0.06374364
515,0.1136749,0.1168222,0.04904111,0.2268802,0.3822897,0.09489328,0.1522738,0.06383439
520,0.1145848,0.1169388,0.04910851,0.2277956,0.3830149,0.09489166,0.1533262,0.06384113
525,0.1153444,0.1171368,0.04922226,0.2287373,0.3836643,0.09491874,0.1543844,0.06385788
530,0.1161711,0.1172447,0.04926031,0.2296243,0.3842567,0.09494881,0.1553463,0.06393537
535,0.1168919,0.1174058,0.04919843,0.2305346,0.3849546,0.09494423,0.1563752,0.06394148
540,0.1175667,0.1175608,0.04920865,0.23142,0.3855246,0.09492849,0.1574194,0.06388066
545,0.1182375,0.1178558,0.04928749,0.2324104,0.386177,0.09498409,0.1585494,0.06398652
550,0.1189966,0.1181656,0.04937811,0.2331963,0.3866712,0.09502293,0.1596842,0.0642026
555,0.119728,0.1186306,0.04955398,0.2342084,0.3874048,0.09511559,0.160811,0.06427812
560,0.1203726,0.1190169,0.0496448,0.2351665,0.3878281,0.09517954,0.1619817,0.06432308
565,0.1211206,0.1193267,0.04971108,0.2361245,0.3887284,0.09523279,0.1631987,0.06445635
570,0.1216725,0.1196757,0.04967309,0.2370474,0.3894491,0.09520712,0.1643718,0.06446841
575,0.1221824,0.1199863,0.04967847,0.2378817,0.3897486,0.09519671,0.1654113,0.06441928
580,0.1227734,0.1205488,0.0497628,0.2388327,0.3906022,0.09531078,0.1666959,0.06446692
585,0.1235158,0.1209721,0.04982565,0.2399426,0.3911161,0.09528433,0.1678991,0.06460033
590,0.1238487,0.1212599,0.04977752,0.2404668,0.3912221,0.09512075,0.1688948,0.06451833
595,0.1244982,0.121875,0.049892,0.2415232,0.3919898,0.09528314,0.1701847,0.06457169
600,0.1251161,0.1224586,0.05009118,0.2423379,0.392318,0.09541162,0.1714076,0.06468761
605,0.1258853,0.1231451,0.0502199,0.2433177,0.3929753,0.09548336,0.1728032,0.0649021
610,0.1264284,0.1236476,0.05029975,0.2442163,0.3933867,0.095534,0.1739843,0.06489717
615,0.1270948,0.1244129,0.05047726,0.2451791,0.3938031,0.09565461,0.1752176,0.06509817
620,0.1277219,0.1252399,0.05080516,0.2460648,0.394005,0.09586683,0.1765865,0.0652673
625,0.1285587,0.1261924,0.05116885,0.2472049,0.3947791,0.09618845,0.1780855,0.06562936
630,0.1292944,0.1270601,0.051372,0.2481202,0.3953833,0.09635818,0.1794728,0.06589569
635,0.1300027,0.1280915,0.05162055,0.2491825,0.3961373,0.09657125,0.1808763,0.06617919
640,0.1306549,0.1289488,0.05184747,0.2501625,0.3964685,0.0967558,0.1822843,0.06638553
645,0.1314728,0.1300778,0.05221287,0.2512474,0.3970569,0.09705559,0.183732,0.06672931
650,0.1322019,0.1312435,0.05261885,0.2522631,0.3977515,0.09736769,0.1852568,0.06710367
655,0.1329592,0.132377,0.0530128,0.2533241,0.3982605,0.09764231,0.1866471,0.06752427
660,0.1336623,0.1336753,0.05344877,0.2544486,0.3989855,0.09808041,0.1882439,0.06796271
665,0.1340711,0.1349373,0.05383921,0.2553866,0.3994001,0.09843348,0.1896196,0.06810289
670,0.1346965,0.1363168,0.05408311,0.2565788,0.4005399,0.09875511,0.1911979,0.06823473
675,0.1350669,0.1371857,0.05389009,0.2569978,0.4004116,0.09847843,0.1920261,0.06829549
680,0.1356184,0.1383237,0.05385754,0.2579494,0.4011155,0.09832729,0.193264,0.0683739
685,0.1361662,0.1395258,0.05376854,0.2585654,0.4015443,0.09832772,0.1943452,0.0685591
690,0.1363372,0.1406079,0.05373856,0.2590164,0.4014172,0.09826189,0.1953942,0.06858858
695,0.1368552,0.1421351,0.05387995,0.2601467,0.4023966,0.09847027,0.1968941,0.06874488
700,0.1367157,0.1433598,0.0539647,0.2603085,0.4019112,0.0983951,0.1977297,0.06864607
705,0.1370132,0.144998,0.05410246,0.2612628,0.4027157,0.09846523,0.1989775,0.06846776
710,0.1371008,0.1462523,0.05390645,0.2615486,0.402422,0.09823164,0.1997895,0.06815108
715,0.137948,0.1482734,0.05401495,0.2630808,0.4039572,0.09851599,0.2016384,0.06838619
720,0.1386718,0.1504476,0.05446886,0.2638299,0.4040908,0.09903784,0.2029776,0.06897727
725,0.1394402,0.1529766,0.05524019,0.265046,0.4047813,0.09974912,0.2047121,0.06935036
730,0.1395763,0.155023,0.05547231,0.265515,0.4045542,0.09983838,0.20591,0.06938098
735,0.1400132,0.157154,0.05526888,0.2663888,0.405316,0.09970614,0.2072078,0.06943268
740,0.1397965,0.1584942,0.05464367,0.2658874,0.4040757,0.09893649,0.2072999,0.06887645
745,0.140318,0.1606092,0.05421369,0.2663244,0.4045373,0.09853305,0.2082901,0.06869975
750,0.1405575,0.1631239,0.05417775,0.2670223,0.4048633,0.09842891,0.2094036,0.06832964
755,0.1410765,0.1655365,0.05389111,0.2673509,0.4042675,0.09821371,0.2102248,0.06794177
760,0.1416832,0.1683826,0.0538301,0.2680386,0.4043331,0.09814025,0.2113244,0.06766944
765,0.1424625,0.1712623,0.0538688,0.2684959,0.4045002,0.09803762,0.2123284,0.06756447
770,0.1430729,0.1744623,0.05409921,0.2691298,0.4047299,0.09800747,0.2137485,0.06752431
775,0.1440493,0.1779751,0.05396406,0.270007,0.405063,0.09798573,0.21494,0.06750412
780,0.1453145,0.1820537,0.05413597,0.271338,0.4058382,0.09823204,0.2165832,0.06776196
785,0.1458856,0.1853208,0.05414033,0.2713205,0.4048948,0.09803052,0.2172576,0.06761126
790,0.1470523,0.1900181,0.05433263,0.2727199,0.4059546,0.09821299,0.2188985,0.06759572
795,0.1479362,0.1942992,0.0544388,0.2733433,0.4062447,0.09819792,0.2201619,0.06752174
800,0.1485934,0.1981408,0.05425435,0.2736172,0.4055386,0.09783117,0.220759,0.06737549
805,0.1500888,0.203336,0.05450992,0.2756299,0.4077211,0.09840026,0.2228677,0.06765045
810,0.1509616,0.2080042,0.05441979,0.2763899,0.407976,0.09836133,0.2239014,0.06749079
815,0.1519609,0.2123909,0.05438972,0.2769055,0.4080318,0.09821377,0.2246959,0.06739917
820,0.1528837,0.217459,0.05417736,0.2777814,0.4081278,0.09811898,0.2259179,0.06736454
825,0.1538074,0.2226527,0.05401909,0.2786374,0.408551,0.09811145,0.2270778,0.06729904
830,0.1547284,0.22814,0.05406649,0.2795133,0.4092946,0.09813254,0.2282857,0.0674393
835,0.1559759,0.2340126,0.05418058,0.2804845,0.4096357,0.0983202,0.2295761,0.06734042
840,0.1570989,0.2401655,0.05468553,0.2817416,0.4101976,0.09878596,0.2307424,0.06760745
845,0.1587071,0.246312,0.05507061,0.2829826,0.4109345,0.09915665,0.2326357,0.0681796
850,0.1599303,0.2528357,0.05545611,0.2843886,0.411517,0.09949207,0.2339163,0.06854544
855,0.1614852,0.2595851,0.05591094,0.2857212,0.4123939,0.1002138,0.23536,0.06902084
860,0.1629872,0.266467,0.05621589,0.2870485,0.4134268,0.1005854,0.2368937,0.06934933
865,0.1643256,0.2732717,0.05636841,0.2882716,0.4142184,0.101064,0.2384936,0.06964401
870,0.1657913,0.2807638,0.05710579,0.289485,0.4144845,0.1015164,0.2399485,0.07000979
875,0.1670517,0.2881292,0.05764471,0.2909292,0.4156458,0.1023898,0.2413255,0.07021181
880,0.1691433,0.2958,0.05856094,0.2921844,0.4165628,0.1028753,0.2430889,0.07094777
885,0.1707824,0.3039129,0.05919268,0.2942018,0.4177796,0.1036596,0.2448708,0.0715505
890,0.1726795,0.3120441,0.05988462,0.2959439,0.4188115,0.1045357,0.2463161,0.07233044
895,0.1744046,0.3199632,0.06062432,0.2970588,0.4196228,0.1053083,0.2477454,0.07292213
900,0.1762273,0.3278423,0.06158058,0.2979209,0.4208076,0.1058234,0.2492995,0.07360649
905,0.1780997,0.3364822,0.0624117,0.299762,0.4213872,0.1067902,0.25069,0.07382554
910,0.1800123,0.3448893,0.06298362,0.301058,0.4224597,0.107656,0.2525433,0.07500008
915,0.181849,0.3537302,0.06404927,0.3027253,0.4240094,0.1089929,0.2546137,0.07588903
920,0.1838825,0.3625069,0.06530453,0.304427,0.4254162,0.109882,0.256166,0.07673054
925,0.1858289,0.372103,0.06614409,0.3063481,0.4268214,0.1111685,0.2584087,0.07765694
930,0.1883969,0.3811628,0.06735558,0.3084194,0.4277358,0.1126766,0.2607943,0.07878298
935,0.1909425,0.3899137,0.06845464,0.310141,0.4286495,0.1139584,0.2628477,0.08044006
940,0.1934428,0.3995021,0.06994332,0.3125253,0.4308711,0.116108,0.2658258,0.08129685
945,0.1966539,0.4087778,0.07090332,0.3146498,0.4318989,0.1180556,0.2674856,0.0819444
950,0.1989643,0.4184947,0.07204182,0.3167885,0.4330274,0.1196668,0.2698819,0.08275795
955,0.1624202,0.3405972,0.04182098,0.2349906,0.3270361,0.07114079,0.2046406,0.05767372
960,0.1631468,0.3479455,0.04067867,0.2344744,0.3261012,0.06994232,0.2042526,0.05683844
965,0.1642887,0.3558325,0.03990051,0.2344389,0.3256701,0.06912308,0.2043414,0.0562132
970,0.1654186,0.3634387,0.03921978,0.2342204,0.324907,0.06841276,0.2042829,0.05571132
975,0.1665099,0.3710391,0.03859038,0.23388,0.32394,0.06773024,0.2041263,0.05525503
980,0.1677866,0.3787836,0.03813434,0.2337273,0.323163,0.06722067,0.2041751,0.05485546
985,0.1692383,0.3867379,0.03771769,0.2336223,0.3224354,0.0667446,0.2042302,0.0545353
990,0.1710644,0.3952408,0.03750764,0.2340002,0.3222095,0.06648989,0.2046926,0.05436732
995,0.1730207,0.4041201,0.03745017,0.2345933,0.3223216,0.06642377,0.2053784,0.0543233
1000,0.1750424,0.4131213,0.03738427,0.235211,0.3224992,0.06632527,0.2060421,0.05422803
1005,0.1773855,0.4224991,0.03738097,0.2360709,0.3229785,0.0663638,0.2069775,0.05427551
1010,0.179682,0.4316886,0.03741452,0.2369474,0.3234414,0.0664405,0.208,0.05436441
1015,0.182144,0.4410702,0.03748227,0.2377929,0.3238487,0.0664698,0.208826,0.0544737
1020,0.184563,0.4505516,0.03761344,0.2388038,0.3244567,0.06664141,0.2098794,0.054536
1025,0.1870922,0.4598938,0.03774596,0.2396285,0.3248486,0.06671594,0.2107603,0.05467255
1030,0.1896698,0.4690404,0.03774737,0.2403456,0.3251525,0.06676604,0.2115403,0.05469696
1035,0.1924911,0.4786191,0.03792623,0.2414509,0.3258635,0.06698546,0.2126569,0.05485839
1040,0.1951755,0.4879015,0.03795689,0.2423097,0.3262973,0.06706046,0.2134744,0.05501348
1045,0.1977728,0.4971439,0.03806518,0.2431403,0.3267182,0.06716825,0.2143775,0.05503398
1050,0.2005431,0.506523,0.03816241,0.2440419,0.3272056,0.06723702,0.2152803,0.05510042
1055,0.2034246,0.5160164,0.03822739,0.2449502,0.3277612,0.06730679,0.2161289,0.05522538
1060,0.2066372,0.5255353,0.03847167,0.2461263,0.328641,0.06755977,0.2173712,0.05547827
1065,0.2090401,0.5334724,0.0385658,0.246583,0.3284914,0.06759407,0.2178697,0.05540387
1070,0.211616,0.54115,0.03845542,0.2467778,0.3280721,0.06742734,0.2180808,0.05540248
1075,0.214336,0.5490263,0.03829586,0.2470428,0.3277815,0.06725842,0.2184001,0.05532306
1080,0.2170798,0.557323,0.03822777,0.24765,0.3278336,0.06715433,0.2189379,0.05517705
1085,0.2205324,0.5665141,0.03837882,0.2488478,0.3286831,0.06737829,0.2200729,0.05522374
1090,0.2237456,0.5754442,0.03852562,0.2498188,0.3293255,0.0675379,0.2210061,0.05531368
1095,0.2274674,0.5844724,0.03871529,0.2508852,0.3300208,0.06776781,0.2220923,0.05557527
1100,0.2308379,0.5933153,0.03897308,0.2520857,0.330876,0.06804396,0.2232198,0.05573418
1105,0.2346282,0.6021515,0.03918717,0.2532454,0.3316723,0.0682489,0.2242325,0.05596704
1110,0.2381687,0.6105881,0.03934287,0.2543189,0.3323565,0.06845171,0.2253149,0.05602034
1115,0.2418554,0.6186855,0.03955223,0.255324,0.333021,0.06869332,0.2262831,0.05615408
1120,0.2455966,0.6262015,0.03969105,0.2560038,0.3331626,0.06876542,0.2269011,0.05637187
1125,0.2490179,0.633826,0.03994076,0.2570541,0.3337025,0.06901687,0.2278457,0.0564099
1130,0.2527281,0.6409544,0.03998506,0.2575496,0.3337512,0.06901918,0.2283373,0.05652168
1135,0.2563907,0.6479867,0.04019731,0.2584388,0.3341462,0.0692084,0.2291393,0.05670283
1140,0.2600749,0.6546604,0.0403181,0.2590503,0.3343477,0.06938813,0.2298579,0.05680609
1145,0.2635605,0.660597,0.04044238,0.2595746,0.3342636,0.06950317,0.2303716,0.05692368
1150,0.2673012,0.666721,0.04066573,0.2602222,0.3344106,0.06971704,0.2310722,0.05697381
1155,0.2711194,0.6727254,0.04073123,0.2607724,0.3343894,0.06974607,0.2315476,0.05716125
1160,0.2749787,0.6786256,0.04095988,0.2615676,0.3347297,0.07002789,0.2323951,0.05727457
1165,0.2788814,0.6840295,0.04102822,0.2620293,0.3346289,0.07004379,0.2327825,0.05740468
1170,0.2828399,0.6893834,0.04126848,0.2627096,0.3347751,0.07030843,0.2334564,0.05762968
1175,0.2867781,0.6945444,0.04150302,0.2634188,0.3349737,0.07053531,0.2342279,0.05769328
1180,0.2899019,0.6971127,0.04156546,0.2631485,0.3339508,0.07049767,0.2340746,0.05774073
1185,0.2931968,0.699756,0.04144028,0.2628061,0.3328163,0.07030644,0.233755,0.057685
1190,0.2968821,0.7032081,0.04141662,0.26294,0.332291,0.07024962,0.2339111,0.05767332
1195,0.301138,0.7078121,0.0415092,0.2635679,0.3324773,0.07045917,0.2345966,0.05768191
1200,0.3055878,0.7128816,0.04176871,0.2645295,0.3329651,0.07066541,0.2354403,0.05787719
1205,0.3101806,0.7176982,0.04193483,0.2653706,0.3334139,0.07086552,0.236352,0.05812133
1210,0.3144999,0.7222823,0.04210963,0.2662614,0.3338506,0.07106672,0.2371804,0.0583014
1215,0.3190473,0.7273057,0.04217826,0.2671898,0.3344066,0.0711922,0.238026,0.05833056
1220,0.323883,0.7327925,0.04235768,0.2684857,0.3353586,0.07144171,0.2391509,0.05851944
1225,0.3288209,0.7382805,0.04251314,0.2697163,0.3362978,0.07158732,0.2401569,0.0587218
1230,0.333769,0.7437967,0.04259453,0.2709741,0.3373129,0.07177129,0.2412388,0.0587966
1235,0.3389198,0.7492452,0.04264248,0.2721159,0.3382511,0.07187902,0.2423082,0.0589026
1240,0.3437776,0.7541777,0.04264165,0.2732477,0.3391075,0.07194839,0.2433008,0.05888037
1245,0.3485807,0.7584785,0.04257877,0.2740475,0.3395151,0.07177683,0.2438132,0.05894619
1250,0.3533906,0.7627018,0.04256546,0.2750556,0.3401541,0.07185849,0.2446993,0.05895096
1255,0.3580959,0.7664946,0.04254141,0.275877,0.3405703,0.07181576,0.2453652,0.05897943
1260,0.3626743,0.7703112,0.04248188,0.276731,0.3410433,0.07174739,0.246042,0.05884944
1265,0.3672432,0.7735367,0.04242018,0.2774493,0.3414005,0.07168224,0.2466501,0.05883038
1270,0.3720278,0.7772408,0.0422737,0.2782302,0.3418761,0.0716166,0.2473274,0.05873315
1275,0.3767549,0.7806547,0.04209656,0.2789238,0.3421532,0.07145074,0.2478514,0.05880588
1280,0.3816792,0.7844664,0.041994,0.2799113,0.3427945,0.07132585,0.2485755,0.05875372
1285,0.3867866,0.7884774,0.04189387,0.2810218,0.3436582,0.07129619,0.2495087,0.0586942
1290,0.3919069,0.792109,0.04173326,0.2819632,0.3442614,0.07114295,0.2501849,0.05867147
1295,0.3970176,0.7954788,0.04162429,0.2828914,0.3447524,0.07100683,0.2508024,0.05866361
1300,0.401666,0.7983585,0.04151741,0.2837274,0.3452508,0.07094153,0.2515084,0.05849573
1305,0.4064038,0.8006193,0.04133761,0.2842795,0.3453599,0.07074091,0.2519006,0.05838056
1310,0.4110541,0.8029618,0.04110989,0.2848515,0.3456091,0.07056464,0.2524134,0.05832389
1315,0.4156785,0.8050246,0.04099775,0.2853769,0.3457356,0.0703753,0.2528281,0.05824265
1320,0.4201033,0.8066579,0.04075502,0.2857663,0.345696,0.07015672,0.2531165,0.05818496
1325,0.4237537,0.8066019,0.04048325,0.2857276,0.3451308,0.0698457,0.2530666,0.05798817
1330,0.4276602,0.8068904,0.04004495,0.2856207,0.3444985,0.06942052,0.2528188,0.05772906
1335,0.4322827,0.8080886,0.03977591,0.2861106,0.3445014,0.06915438,0.2530849,0.05764242
1340,0.4364617,0.8088048,0.03955033,0.2864455,0.3443241,0.06896313,0.2533711,0.05750832
1345,0.440116,0.8080106,0.0392534,0.2862649,0.3436299,0.06869123,0.2532466,0.05734888
1350,0.4425748,0.8049656,0.03881902,0.2853415,0.3420279,0.06823266,0.2524577,0.05711819
1355,0.4437975,0.8000052,0.03847451,0.2838671,0.3396623,0.06765924,0.2511322,0.05669579
1360,0.4445401,0.7941122,0.03803073,0.2820759,0.3368362,0.06708843,0.2495207,0.05637961
1365,0.4485204,0.7936271,0.03813019,0.2824486,0.3367892,0.06725286,0.249969,0.0565611
1370,0.4514432,0.7939909,0.03806207,0.2828886,0.3368149,0.06719708,0.2503825,0.05653127
1375,0.4558795,0.7934457,0.03781285,0.2829648,0.336371,0.06692227,0.2503167,0.05654095
1380,0.4573414,0.7896193,0.03709814,0.2813186,0.3339824,0.06606015,0.2487669,0.05593215
1385,0.4631182,0.7940864,0.03721336,0.283331,0.3359265,0.06635623,0.2505792,0.05616871
1390,0.4654003,0.7900339,0.03683352,0.2823353,0.3342826,0.06590715,0.2497317,0.05599892
1395,0.4678831,0.7883447,0.0364039,0.2818594,0.3332212,0.06546932,0.2491732,0.05576447
1400,0.4690889,0.7826692,0.0362124,0.2806143,0.3311983,0.06525502,0.2482052,0.05558333
1405,0.46883,0.7744001,0.03604952,0.2786355,0.32836,0.06505544,0.2466649,0.05554579
1410,0.4679801,0.7644836,0.03591426,0.2763369,0.3251038,0.06487998,0.2448038,0.05554751
1415,0.4651352,0.750805,0.03579822,0.2729512,0.3205831,0.06467998,0.2421851,0.05547552
1420,0.4618909,0.7372009,0.03547532,0.2694594,0.3159484,0.06428538,0.2393063,0.05534253
1425,0.4597116,0.7256914,0.03538312,0.2667432,0.3121967,0.06415407,0.2371521,0.05522208
1430,0.4586348,0.7169021,0.03515847,0.2645231,0.309098,0.06383063,0.2352232,0.05514188
1435,0.4583236,0.7100981,0.03502667,0.2629704,0.3067212,0.06361809,0.233944,0.05507399
1440,0.4590189,0.7051035,0.03484661,0.2617823,0.3050035,0.06343035,0.2329999,0.05502198
1445,0.4600718,0.7012729,0.0348191,0.2612961,0.3038243,0.06341292,0.2325995,0.05501051
1450,0.4613411,0.6977478,0.03462294,0.2605341,0.302493,0.06321246,0.231952,0.05501495
1455,0.4623889,0.6937738,0.0345189,0.2597246,0.3011261,0.06303881,0.231317,0.05495872
1460,0.4632298,0.6893608,0.03437963,0.2588739,0.2996391,0.06287011,0.2306152,0.05497446
1465,0.4631785,0.6837679,0.03415852,0.2575673,0.2976393,0.06259886,0.22948,0.05489542
1470,0.4632516,0.6788428,0.03408739,0.2565848,0.2960526,0.06250618,0.2287445,0.05485849
1475,0.4637675,0.6747537,0.03403432,0.2558823,0.2947217,0.06242465,0.2282216,0.05482643
1480,0.4651,0.672455,0.03395592,0.2556774,0.2939817,0.06234979,0.2281135,0.05487873
1485,0.4673155,0.6719404,0.03391809,0.2559369,0.2938097,0.06229727,0.2283091,0.05488218
1490,0.4704977,0.6730181,0.03389983,0.256714,0.2943123,0.06227525,0.2289369,0.05492408
1495,0.474412,0.6751704,0.03399292,0.2579729,0.2953363,0.06238895,0.2299706,0.0549901
1500,0.4791006,0.6782222,0.03397893,0.2593297,0.2965764,0.06240924,0.2310908,0.05504824
1505,0.4838308,0.6814988,0.03396843,0.2608556,0.2979394,0.06244261,0.2323121,0.0551221
1510,0.4887109,0.6847549,0.03401082,0.2624937,0.2994893,0.06254535,0.2336731,0.05518446
1515,0.4928402,0.6865727,0.03391071,0.2634636,0.3002485,0.06242804,0.2343701,0.0551359
1520,0.497343,0.6887354,0.03383689,0.2645943,0.3011299,0.06235737,0.2351545,0.05516122
1525,0.5016468,0.6904657,0.03376752,0.2656613,0.3020168,0.06235994,0.2360285,0.05525278
1530,0.5050633,0.6911325,0.03379383,0.2665635,0.302617,0.06241564,0.2367254,0.0552832
1535,0.5077394,0.6908365,0.03380628,0.2671082,0.3027656,0.06242313,0.2371263,0.05537162
1540,0.5105273,0.6909643,0.03382567,0.267677,0.3030489,0.06244798,0.2375942,0.05541842
1545,0.5139425,0.6920142,0.03382083,0.2684635,0.303646,0.06244966,0.2382174,0.05543112
1550,0.5179534,0.6938773,0.03383729,0.2696181,0.3045726,0.0625009,0.2390812,0.05548306
1555,0.5218722,0.6956404,0.03387028,0.2707708,0.305458,0.06252375,0.2399379,0.05552927
1560,0.5259737,0.6975239,0.03390259,0.2719407,0.3063965,0.06254974,0.2408118,0.05563186
1565,0.5291559,0.6981975,0.03384569,0.2726821,0.3068899,0.06251804,0.2413758,0.05560232
1570,0.5329874,0.7000447,0.03384769,0.2738622,0.3078902,0.06257303,0.242342,0.05564919
1575,0.5363138,0.7013106,0.03385412,0.2747741,0.3085773,0.06256048,0.2430194,0.05565955
1580,0.5399744,0.7029043,0.03385986,0.275808,0.3094083,0.06259412,0.2438501,0.05571742
1585,0.543233,0.7043938,0.03383317,0.2767566,0.3101199,0.06258613,0.2445619,0.05575519
1590,0.5480578,0.7083652,0.03392882,0.278612,0.3118385,0.06272782,0.2460374,0.0558309
1595,0.5536648,0.7135611,0.03406392,0.2808313,0.3139507,0.06286352,0.2477746,0.05590156
1600,0.5601326,0.719991,0.03409784,0.2833869,0.3164521,0.06294768,0.2497289,0.05593073
1605,0.5669122,0.7266556,0.03412383,0.2860292,0.3191084,0.06304727,0.2517518,0.05600046
1610,0.5734871,0.7328254,0.03422788,0.2885406,0.3215609,0.06316105,0.2536305,0.05609798
1615,0.5798491,0.7388076,0.03432031,0.2910082,0.3239649,0.06324609,0.2554671,0.05614782
1620,0.5859805,0.74441,0.03438487,0.2934444,0.3263833,0.06337404,0.2573074,0.05617917
1625,0.5913722,0.7488176,0.03439412,0.2954061,0.3281934,0.06334804,0.258665,0.0562341
1630,0.5966059,0.7528306,0.03447465,0.2974875,0.3301076,0.06350646,0.2602495,0.05623407
1635,0.6010131,0.7557113,0.03449757,0.2990593,0.3315223,0.06354921,0.2613867,0.05627564
1640,0.6055064,0.7586027,0.03451817,0.3005166,0.3328104,0.06353226,0.2623835,0.05629869
1645,0.6097553,0.7611064,0.03456933,0.3020241,0.3340902,0.0635636,0.2634304,0.05631147
1650,0.6137142,0.7632244,0.03458964,0.303481,0.3354321,0.06366217,0.2646503,0.05627718
1655,0.6167073,0.7641738,0.03440009,0.3041179,0.3359307,0.0634385,0.265073,0.05613392
1660,0.6187949,0.763791,0.03411962,0.3043749,0.3359874,0.06306334,0.2651271,0.05575383
1665,0.6183987,0.7601184,0.03316064,0.3028986,0.3340114,0.06188387,0.263416,0.05482296
1670,0.6172456,0.7543381,0.03145147,0.2995906,0.3303678,0.05972155,0.2602159,0.05318296
1675,0.6141825,0.7459207,0.02899766,0.2948673,0.3252548,0.05681861,0.2557749,0.05053031
1680,0.6087788,0.7352971,0.02659588,0.2894825,0.3194407,0.05408535,0.2510937,0.04755097
1685,0.6001288,0.7213602,0.0251557,0.2832347,0.3126834,0.05173748,0.2460496,0.0448297
1690,0.5872487,0.7035162,0.02435806,0.2760817,0.3054072,0.05054376,0.2409289,0.04192285
1695,0.5716694,0.6800594,0.02392416,0.2671207,0.2956755,0.04893754,0.2337678,0.03987286
1700,0.5510468,0.6536092,0.02332402,0.2576076,0.2861838,0.04776974,0.227029,0.03684703
