wl,AZURITE EF Glair,AZURITE EF GA,BUCKTHORN Pure,BURNT UMBER Glair,BURNT UMBER GA,CALCITE Glair,CALCITE GA,CARMINE GA,CINNABAR Glair,CINNABAR GA,GAMBOGE GA,HEMATITE Glair,INDIGO GA,INDIAN YELLOW INK,LAPISLAZULI Glair,LAPISLAZULI GA,LEAD TIN YELLOW Glair,LEAD TIN YELLOW GA,LEAD WHITE Glair,LEAD WHITE GA,MINIUM Glair,MINIUM GA,MALACHITE Glair,MALACHITE GA,YELLOW OCKER Glair,YELLOW OCKER GA,ORPIMENT Glair,ORPIMENT GA,SAFFRON GA,SMALT Glair,SMALT GA,VERDIGRIS Glair,VERDIGRIS GA
400,0.2215752,0.1822498,0.09540795,0.05911148,0.05701515,0.7450354,0.4763415,0.05693229,0.1132495,0.1589865,0.1374799,0.1175512,0.08442934,0.3440295,0.2758197,0.1589865,0.1252294,0.1244933,0.8568909,0.6838686,0.08593357,0.1237711,0.2048719,0.1687145,0.1135717,0.09381904,0.1330826,0.2264906,0.7365409,0.495362,0.2808627,0.08080645,0.07182281
405,0.2421407,0.200813,0.09156643,0.05452169,0.05331074,0.7510484,0.4876364,0.05256999,0.1084602,0.1535559,0.1335979,0.1145363,0.08237278,0.3430904,0.2766399,0.1589091,0.1294647,0.1267007,0.8595101,0.6932136,0.08134972,0.118423,0.2182239,0.1783841,0.1103456,0.09057158,0.1286481,0.2222553,0.7463892,0.4949257,0.2848157,0.0779181,0.07032102
410,0.262779,0.2197387,0.08934651,0.0514043,0.05077949,0.7588098,0.500415,0.04904626,0.1049444,0.1498574,0.1310391,0.1127752,0.08161296,0.3436562,0.2796802,0.1611204,0.1380685,0.1322272,0.8627331,0.7035472,0.07823725,0.1147047,0.2322108,0.1882804,0.1086844,0.0887266,0.1260037,0.2198264,0.7553744,0.4947788,0.2895261,0.07738593,0.07064941
415,0.2822171,0.238329,0.08850094,0.04960854,0.04918402,0.7662568,0.5139449,0.04600078,0.1025948,0.1475035,0.1293491,0.1119779,0.08146172,0.3451173,0.2855661,0.165529,0.1501847,0.1404787,0.8656613,0.713896,0.07626653,0.1122402,0.2456962,0.1980908,0.1087092,0.08809447,0.1241705,0.2183991,0.7644883,0.4950621,0.2949439,0.07882156,0.07256447
420,0.3005527,0.256004,0.08849643,0.04866709,0.04827947,0.7725149,0.5278203,0.04348832,0.1007512,0.1460525,0.1281156,0.1115914,0.08132424,0.3464407,0.2941568,0.1715667,0.1649271,0.1509521,0.8669839,0.7230049,0.0748419,0.1109461,0.2581524,0.207007,0.1106439,0.08847265,0.1231167,0.2177794,0.7730371,0.4927639,0.2987239,0.08185786,0.07606512
425,0.3178343,0.2726195,0.08985899,0.04843668,0.04788075,0.7807466,0.5424314,0.04157902,0.09987086,0.1455676,0.1276391,0.111605,0.08142456,0.3484339,0.3056916,0.1795777,0.1829234,0.1644043,0.870312,0.7330271,0.07425177,0.1104246,0.2707212,0.2160109,0.1148127,0.09000413,0.123046,0.2184384,0.7831929,0.4876033,0.3012834,0.08741397,0.08194621
430,0.3323091,0.286966,0.09153721,0.04831016,0.04746335,0.7867718,0.5551398,0.03991225,0.09862412,0.1449327,0.1271516,0.1114013,0.08119611,0.3489398,0.3184004,0.1885256,0.2028229,0.1793335,0.8713215,0.7410836,0.07369295,0.1100684,0.2819976,0.2241688,0.1202137,0.09197541,0.1230583,0.2188604,0.7911987,0.4786345,0.3014441,0.09469253,0.08972868
435,0.3447168,0.2991492,0.09400254,0.04838055,0.04728445,0.7926512,0.5675602,0.03820023,0.09768163,0.1443537,0.1268777,0.1111471,0.08095342,0.349017,0.3312185,0.198121,0.2245006,0.1959578,0.8719857,0.7487388,0.07330493,0.1097013,0.2931214,0.2322389,0.1266681,0.09435938,0.1236673,0.2199883,0.7983876,0.4677814,0.3005072,0.1041792,0.1000397
440,0.3552529,0.3096569,0.09761953,0.04851599,0.04729873,0.79893,0.5805032,0.0366442,0.09711681,0.1440302,0.1268571,0.1109781,0.08078392,0.3489427,0.3446957,0.2084586,0.2478637,0.2143767,0.8738842,0.756988,0.07313275,0.1095371,0.3045545,0.2408119,0.132982,0.09674545,0.125042,0.2219931,0.805915,0.4557762,0.2984544,0.1162811,0.1133982
445,0.3628936,0.3176579,0.1034385,0.0488537,0.0473621,0.8049412,0.5925441,0.03512225,0.09653805,0.1439515,0.1269246,0.1107075,0.08031189,0.3484575,0.3574037,0.2180519,0.2717742,0.2338898,0.8760924,0.7650365,0.07302394,0.1095662,0.3163004,0.2495779,0.1378316,0.09834741,0.1271374,0.2251096,0.8133693,0.4392503,0.2930885,0.1319885,0.1308828
450,0.3670592,0.322421,0.1120144,0.04906847,0.04729217,0.810423,0.6034026,0.03381311,0.0959951,0.1436469,0.1272012,0.1102991,0.07982057,0.3472931,0.3673369,0.226129,0.2965114,0.2545207,0.8781462,0.7722881,0.07289547,0.1093819,0.3284012,0.2588523,0.1403921,0.09895183,0.1299812,0.229001,0.8213293,0.4202132,0.2852583,0.1513238,0.152829
455,0.3679225,0.3240003,0.1237943,0.04928885,0.04735976,0.8151273,0.6132132,0.03266054,0.09550671,0.1433915,0.1274839,0.1098393,0.0791917,0.3457407,0.3741647,0.2322649,0.3220315,0.2762223,0.8802198,0.7791302,0.07278769,0.1091707,0.3408257,0.2686065,0.141441,0.09902287,0.1340313,0.2340943,0.8291563,0.3983,0.274057,0.1748034,0.1792267
460,0.3654879,0.3222001,0.1382807,0.04948041,0.04728593,0.8194087,0.6219973,0.03153667,0.0949416,0.143101,0.1278489,0.1092749,0.07837668,0.3438601,0.3775659,0.2358567,0.3479818,0.2992291,0.8821088,0.7853968,0.07253015,0.1089308,0.3536147,0.2787194,0.1419092,0.0988106,0.1392795,0.24054,0.8367,0.3704941,0.2568917,0.2023728,0.209561
465,0.3599246,0.3172021,0.1548443,0.04955474,0.04725683,0.8235874,0.6307034,0.03059521,0.09445219,0.142688,0.1284015,0.1088706,0.07756571,0.3419636,0.3769543,0.2367356,0.3752391,0.3238838,0.8842633,0.7913665,0.07227582,0.108656,0.3667899,0.289443,0.1424318,0.09880006,0.1464285,0.2488781,0.8437133,0.3352273,0.2325295,0.2336067,0.2434607
470,0.3509246,0.3087977,0.172114,0.04972966,0.04725284,0.8276557,0.6387323,0.02979939,0.09410504,0.1425322,0.129216,0.1085671,0.07685755,0.3403758,0.3722362,0.2341723,0.4044101,0.3506666,0.8866447,0.7972202,0.07216929,0.1085062,0.3800543,0.3001237,0.1438953,0.09929578,0.155843,0.2592845,0.8495054,0.2970593,0.2042371,0.2670803,0.2786901
475,0.3386,0.2972322,0.1887536,0.04985501,0.04722087,0.8316504,0.645861,0.02922763,0.09375554,0.1421505,0.1302169,0.1082281,0.07607602,0.3390329,0.3634138,0.2286443,0.4354263,0.3796438,0.8888116,0.802543,0.07200006,0.1081703,0.3925973,0.3107365,0.1459796,0.1000875,0.1673192,0.2716342,0.8544157,0.2602935,0.1759231,0.2988495,0.3116883
480,0.3242462,0.2835535,0.2047632,0.05020173,0.04736754,0.8364253,0.6534954,0.02901222,0.09368961,0.1421639,0.1317065,0.1083056,0.07552277,0.3388351,0.3520694,0.2209263,0.469426,0.4119087,0.8918017,0.8084307,0.07202146,0.1081223,0.4053382,0.321408,0.1494469,0.1016876,0.1815184,0.2865272,0.8615323,0.2272214,0.1499798,0.3262847,0.3397225
485,0.3074181,0.2674519,0.2196233,0.05062493,0.0474644,0.8405668,0.6603271,0.02900008,0.09361143,0.1420428,0.1334432,0.1082928,0.07500796,0.3393605,0.3382229,0.2108376,0.5058122,0.4471804,0.8944525,0.8133215,0.07198827,0.107935,0.4172019,0.3315042,0.1543544,0.103827,0.1980531,0.3035653,0.8701619,0.1987911,0.1277099,0.3442977,0.3586971
490,0.2892016,0.2500957,0.2335018,0.05105681,0.04754074,0.8452519,0.6671692,0.02908984,0.09371163,0.1422256,0.1359391,0.1084493,0.07451488,0.3410655,0.3229534,0.199359,0.5452962,0.4859802,0.897499,0.8180876,0.07205623,0.1078693,0.4279385,0.3408734,0.1612046,0.1070705,0.2174197,0.3228467,0.8802947,0.1772018,0.1110848,0.3478193,0.3644031
495,0.2702447,0.2322579,0.2458829,0.05165906,0.04786671,0.8496727,0.673474,0.0291959,0.09399142,0.1425689,0.1391725,0.1086533,0.07401461,0.3436026,0.3068646,0.1874122,0.5871308,0.5278953,0.9002116,0.822574,0.07235806,0.1079884,0.4375963,0.3495883,0.1697723,0.1112588,0.2390073,0.3441443,0.8908403,0.1607285,0.09880109,0.337275,0.3567833
500,0.2513714,0.214423,0.2569952,0.05232932,0.04812314,0.8539789,0.6794304,0.02929167,0.09424378,0.1430408,0.1433693,0.1088087,0.07339392,0.3467914,0.2908934,0.1753528,0.6303003,0.5717583,0.9027969,0.8266505,0.07269688,0.1082003,0.4461812,0.3574538,0.1799603,0.1160874,0.2623369,0.3669421,0.9009485,0.1456454,0.08791386,0.3150303,0.3373341
505,0.2332437,0.1974784,0.2670703,0.05307581,0.04853422,0.8586351,0.6856159,0.02972309,0.09465884,0.1437411,0.1491509,0.1092304,0.07288367,0.3507609,0.2753386,0.163853,0.6745708,0.6164426,0.9054602,0.8309667,0.07328165,0.1085499,0.4535977,0.3646286,0.1915004,0.1218787,0.2876137,0.3913743,0.9100875,0.1308433,0.07801221,0.2849453,0.3089219
510,0.2162005,0.1818091,0.2761025,0.05392517,0.04900375,0.8629543,0.6912076,0.03072435,0.09518975,0.1446444,0.157035,0.1098568,0.07229744,0.3552295,0.2610635,0.1535091,0.7174605,0.6596256,0.9079798,0.8348806,0.07421803,0.1092946,0.4596405,0.3705696,0.2045613,0.1285784,0.3141547,0.4168807,0.9173212,0.1185389,0.07030614,0.2511869,0.2748419
515,0.2006795,0.16764,0.2840189,0.05481227,0.04942537,0.8670806,0.6968637,0.03215436,0.09555212,0.1456525,0.1677724,0.1105257,0.07158434,0.3598698,0.2480797,0.1441365,0.757584,0.698355,0.9100033,0.8385291,0.07529328,0.1102472,0.4639176,0.375089,0.219407,0.1363077,0.3415058,0.4427903,0.9230375,0.1078968,0.06416075,0.2174471,0.2387759
520,0.1866212,0.1551307,0.2912461,0.05582767,0.04990137,0.8714164,0.7022866,0.03368671,0.09608494,0.1467408,0.1818487,0.1114388,0.07093511,0.3644829,0.2364442,0.1359854,0.7943822,0.7319564,0.9122852,0.8422229,0.07679175,0.1116955,0.4664588,0.3781992,0.2361333,0.1453804,0.369736,0.4690434,0.9277053,0.09825907,0.05921332,0.1863362,0.2042573
525,0.1740711,0.1441591,0.2977619,0.05696542,0.05049863,0.8749324,0.7070956,0.03478766,0.09662028,0.1479647,0.1993184,0.1126104,0.070313,0.3685471,0.2260167,0.1289268,0.8260211,0.7589587,0.9140569,0.8454354,0.07878961,0.1137705,0.4668905,0.3794935,0.2547809,0.1558901,0.3979623,0.4950961,0.9310027,0.09044689,0.05559913,0.1590365,0.1729816
530,0.1629612,0.1344767,0.3036594,0.05833116,0.05110107,0.8784871,0.7117948,0.03518604,0.0971469,0.149355,0.2199406,0.1139312,0.06961365,0.3719575,0.2169448,0.1228083,0.8521075,0.7797592,0.9156141,0.848305,0.08164389,0.1170401,0.4651837,0.3785799,0.2753211,0.167729,0.4259189,0.5205109,0.933695,0.08504538,0.05321022,0.1357583,0.1458501
535,0.1532428,0.1262414,0.3092771,0.05976654,0.05177347,0.8822744,0.7165505,0.03505957,0.09776604,0.1508937,0.2437013,0.1156775,0.06899664,0.3749828,0.2092684,0.1176768,0.8729982,0.7958244,0.9174118,0.8515389,0.08696592,0.1231778,0.4611248,0.3756002,0.2975368,0.181318,0.4533693,0.5452028,0.9362542,0.08198732,0.05207113,0.1169626,0.1237708
540,0.1447775,0.1192932,0.3144222,0.06151015,0.05260792,0.8852519,0.7207929,0.03476775,0.09854345,0.1527148,0.2694089,0.1178461,0.06850934,0.3774787,0.202588,0.1134272,0.8886963,0.8072258,0.9186074,0.8540257,0.09731375,0.1356199,0.4542298,0.3699708,0.3208438,0.1960638,0.4794924,0.5683299,0.9377899,0.08110034,0.05186924,0.1019222,0.1062318
545,0.1375619,0.1133363,0.319331,0.06371348,0.05358531,0.8879855,0.7248752,0.03464492,0.09953303,0.1549179,0.2957907,0.1205925,0.06813274,0.3794016,0.1970932,0.1098827,0.9003603,0.816,0.9196647,0.8564571,0.116668,0.1594335,0.44514,0.3620305,0.3443908,0.2114037,0.5037802,0.5896496,0.9393714,0.08255904,0.05258842,0.09016781,0.09255075
550,0.1312516,0.1081209,0.3241671,0.06616896,0.05470006,0.8907765,0.7283427,0.03509818,0.1008575,0.157659,0.32243,0.1242741,0.06781125,0.3811543,0.1925266,0.106922,0.9094458,0.8227655,0.920729,0.8585446,0.1505057,0.2016962,0.4338135,0.3519968,0.3675103,0.2270515,0.5263537,0.6090968,0.9409157,0.08582539,0.05406633,0.08090469,0.08191
555,0.1257747,0.103605,0.3291504,0.06881897,0.05598466,0.8935009,0.7322192,0.03638648,0.1026883,0.1612284,0.3485472,0.1292168,0.06761669,0.3828728,0.1887045,0.1045298,0.9167084,0.8284934,0.9217092,0.8608218,0.2041949,0.269794,0.4207748,0.3400657,0.3898002,0.242718,0.547215,0.6268617,0.9430984,0.08891331,0.0554925,0.07358766,0.07376513
560,0.1210648,0.09979752,0.3341933,0.07179178,0.05740779,0.8958791,0.7357227,0.0382123,0.1054379,0.1662661,0.3732929,0.1360726,0.06732311,0.3845642,0.1855874,0.102688,0.9223878,0.8330966,0.9225749,0.8628442,0.2833012,0.3694115,0.4059011,0.3266318,0.4098525,0.2575268,0.5656216,0.6424175,0.9443979,0.08960083,0.05589911,0.06807123,0.06780063
565,0.117041,0.09639817,0.3393762,0.07498772,0.05887154,0.8988191,0.7394953,0.03988517,0.1092539,0.1730722,0.3966896,0.1447537,0.06697696,0.3864439,0.1831551,0.1011561,0.9272903,0.8378377,0.9240713,0.8652351,0.3825469,0.4870416,0.3903967,0.3123298,0.4278049,0.2711086,0.581898,0.6566856,0.9461808,0.08750486,0.05485595,0.06374446,0.06320471
570,0.1133377,0.09342484,0.3447732,0.07815984,0.06038028,0.9016196,0.7429655,0.04191373,0.1148095,0.182182,0.4185905,0.15556,0.06659275,0.3884134,0.1813228,0.09998867,0.9317106,0.8421334,0.9255249,0.8675936,0.4923138,0.6006826,0.3741501,0.2975176,0.443263,0.2830947,0.5964422,0.6692362,0.9478915,0.08302475,0.05289489,0.06024681,0.05968959
575,0.1099932,0.09073584,0.3499904,0.08129808,0.06201788,0.9033777,0.7457457,0.04573444,0.1228513,0.1942786,0.4386462,0.1681813,0.0661269,0.3901514,0.1798047,0.09904678,0.9347719,0.8454448,0.9260297,0.8692309,0.5982369,0.690953,0.3572822,0.2822599,0.4557233,0.293205,0.6087244,0.6796795,0.9486188,0.07724153,0.05060496,0.05745976,0.05701474
580,0.1071177,0.08849133,0.3556591,0.0846286,0.06370445,0.9055454,0.7489767,0.05347529,0.1348906,0.2109977,0.4574903,0.1822429,0.06583785,0.3923072,0.1789035,0.09849783,0.9380511,0.8486822,0.9269062,0.8709794,0.6876661,0.7521574,0.3410428,0.2674109,0.466227,0.3016476,0.6199145,0.6891235,0.9501365,0.07189953,0.04864844,0.05538388,0.05497357
585,0.1045734,0.08646768,0.3619779,0.08790389,0.06531792,0.9076836,0.7525001,0.06767674,0.1537134,0.2348357,0.4749648,0.1967932,0.06546253,0.3949511,0.1784807,0.09813918,0.9410568,0.8523678,0.9282207,0.8733503,0.7513785,0.7869431,0.3250349,0.2532111,0.4743102,0.3081355,0.6294713,0.6978067,0.9517426,0.06863381,0.04754511,0.05371039,0.05341572
590,0.1021091,0.0845281,0.3685288,0.09079589,0.06687047,0.9084002,0.7546901,0.08888006,0.1812512,0.2682582,0.4905557,0.2105083,0.06505307,0.3974441,0.1780858,0.09785494,0.94208,0.8542466,0.9279132,0.8738772,0.7922834,0.8060577,0.3092829,0.2391521,0.4796924,0.3125911,0.6368014,0.7042639,0.9517851,0.06766957,0.04719032,0.05226246,0.05211265
595,0.1001206,0.08306496,0.3767625,0.0938347,0.06864073,0.9106581,0.7578603,0.1170513,0.2201944,0.3149949,0.5060659,0.223371,0.06491819,0.4014452,0.1783278,0.09806128,0.9448062,0.8574842,0.9290291,0.8760757,0.8191653,0.8179138,0.2946158,0.2263599,0.4844975,0.3164001,0.6445486,0.7112228,0.9533287,0.0682803,0.04749233,0.05124541,0.05125475
600,0.09840623,0.08180363,0.3858239,0.09673453,0.07034855,0.9118462,0.7604791,0.1501796,0.2702582,0.3757496,0.5202649,0.2342757,0.06480289,0.4059371,0.1788287,0.09840354,0.9463913,0.859756,0.92931,0.8771363,0.8350396,0.8244869,0.280634,0.2142488,0.487604,0.3189148,0.6508843,0.7167404,0.9540579,0.06925729,0.04788315,0.05046083,0.05054187
605,0.09697588,0.08063184,0.39625,0.09958589,0.07198135,0.9135075,0.7633833,0.1864086,0.3291516,0.4478343,0.5339881,0.2432877,0.06474175,0.4114811,0.1800172,0.0989311,0.9481527,0.8623351,0.9301696,0.8787923,0.84535,0.829677,0.2677089,0.2030773,0.4901195,0.3207364,0.6566345,0.7223554,0.9552959,0.07006446,0.04818003,0.04992604,0.04995627
610,0.09558714,0.07960105,0.4075795,0.102012,0.07348471,0.9142503,0.7655203,0.2235411,0.3906599,0.5208632,0.5464472,0.2499442,0.06452774,0.4177803,0.1812325,0.09957738,0.949043,0.8641181,0.9300853,0.8798113,0.8511313,0.8324444,0.255364,0.1926773,0.4914364,0.3218255,0.6613486,0.7268704,0.9557645,0.07030264,0.04833841,0.04927129,0.04942011
615,0.0946167,0.07892773,0.4203795,0.1045541,0.07524021,0.9154387,0.7679086,0.2604922,0.4478612,0.585014,0.5587845,0.2553514,0.06459524,0.4252186,0.1829125,0.1006984,0.9501688,0.8663767,0.930444,0.8810714,0.8555489,0.8348845,0.2441181,0.1834027,0.4926373,0.3227454,0.6659501,0.7313336,0.956461,0.07045384,0.0485462,0.04893845,0.04916819
620,0.09389576,0.07844804,0.4337221,0.1070516,0.07690284,0.915977,0.7695478,0.2960789,0.4968262,0.6357346,0.570374,0.2595935,0.0647148,0.4333605,0.1849519,0.1020753,0.9507667,0.8677113,0.9302386,0.8816595,0.8583633,0.8363108,0.2337512,0.1749174,0.4935358,0.323471,0.6699404,0.7350129,0.9565848,0.07033759,0.04871979,0.04879096,0.04902993
625,0.0935341,0.07814555,0.4480237,0.1096396,0.0786254,0.9179496,0.7724695,0.3300102,0.5369878,0.6743195,0.5821917,0.2634955,0.06482284,0.442835,0.1877737,0.1038337,0.952714,0.8701917,0.931421,0.8836265,0.8615502,0.8386155,0.2246143,0.1674396,0.49519,0.3246534,0.6745366,0.7397457,0.958056,0.06994249,0.04877992,0.04877511,0.04890658
630,0.09322044,0.07783744,0.4617056,0.1119338,0.0802218,0.9183997,0.7743397,0.3608777,0.567389,0.7014482,0.5926802,0.2666179,0.06485908,0.4523883,0.1908304,0.1056303,0.9533068,0.8714929,0.9312201,0.8841116,0.8634214,0.8400561,0.2160405,0.1604694,0.4962708,0.3255426,0.67821,0.7430467,0.9582015,0.06929232,0.04860697,0.04869343,0.04871599
635,0.09304059,0.0777667,0.476533,0.1142221,0.08191989,0.9201037,0.7766989,0.389198,0.5908132,0.7209499,0.6033759,0.2699219,0.06518362,0.463251,0.1946502,0.1080397,0.9545362,0.8740594,0.9322275,0.8859959,0.8656226,0.8416852,0.2083937,0.1544576,0.4980029,0.3270338,0.6824434,0.7478276,0.9594316,0.06895089,0.04875214,0.04856498,0.04868139
640,0.09304668,0.07787549,0.4908245,0.1164902,0.08364046,0.9210114,0.7786664,0.4146157,0.6081098,0.7348102,0.6133774,0.2730852,0.0654501,0.4744369,0.1988242,0.1108098,0.9553196,0.8756013,0.9326513,0.8870672,0.8670946,0.8429471,0.2014593,0.1489661,0.4999205,0.328633,0.6863978,0.7517902,0.9598452,0.06927989,0.04899475,0.04848881,0.04869332
645,0.09336767,0.07810158,0.5051175,0.1188037,0.08549064,0.9218229,0.7804438,0.4376597,0.6211988,0.7452325,0.6227494,0.2765231,0.06587134,0.4860232,0.2038471,0.1140351,0.9558773,0.8769659,0.9326782,0.8877955,0.8682584,0.8439611,0.1952808,0.1441367,0.5020514,0.3306723,0.6904665,0.7558769,0.9602271,0.07060502,0.04960316,0.04864424,0.04874451
650,0.09384374,0.07834934,0.5192421,0.1212007,0.08725441,0.9227231,0.7820671,0.4587487,0.6314401,0.7532068,0.6319472,0.2801772,0.06634159,0.4981405,0.2095486,0.1177781,0.9564555,0.8780011,0.9329821,0.8887634,0.8694233,0.8448257,0.1898171,0.1398421,0.5046223,0.3331599,0.6946943,0.7604158,0.9604209,0.07301825,0.05049435,0.04893123,0.04881833
655,0.09458292,0.07875681,0.5331264,0.1235769,0.08899963,0.9235996,0.7836561,0.4779104,0.6397272,0.7599005,0.6407106,0.2841739,0.06685816,0.5106727,0.2160306,0.1221882,0.9571149,0.8792957,0.9333003,0.8896432,0.8705233,0.8456788,0.1849077,0.1359208,0.5077354,0.3360103,0.6995036,0.7648938,0.9612214,0.07668902,0.05182285,0.04924943,0.04890598
660,0.09533527,0.07923478,0.5469669,0.1259225,0.09084758,0.9245127,0.7855812,0.4954083,0.6461262,0.7654263,0.6496,0.2886289,0.06751625,0.5238422,0.2235761,0.127257,0.9577045,0.8806139,0.9336855,0.8904104,0.8715782,0.8467177,0.1805755,0.1325914,0.5114107,0.3394406,0.7043839,0.7698818,0.9622056,0.08208489,0.05395412,0.0495954,0.04909997
665,0.0959726,0.07975631,0.5603243,0.1279774,0.09267567,0.9250917,0.7866751,0.5110697,0.6514242,0.7694216,0.6579157,0.2932599,0.06820939,0.5373549,0.231683,0.1332675,0.9581355,0.8812965,0.9337099,0.8907648,0.8722141,0.8470565,0.1765766,0.1295316,0.5150427,0.3430604,0.7097237,0.7751478,0.9622047,0.08976144,0.0574897,0.04970153,0.04916564
670,0.09682363,0.08039961,0.5750194,0.1302207,0.09450103,0.927121,0.7896843,0.5260785,0.6567928,0.7748219,0.6667553,0.2987999,0.0689897,0.5526122,0.2416136,0.1402594,0.9598778,0.8837392,0.935267,0.8928677,0.8742704,0.8494405,0.173271,0.1269756,0.5198238,0.3477917,0.7163582,0.7819972,0.9637489,0.1010046,0.06343929,0.04989137,0.04932094
675,0.09734717,0.08074911,0.588667,0.1319603,0.09598082,0.9261312,0.7899268,0.5382295,0.6594201,0.7772245,0.6730167,0.3036541,0.0695675,0.5671374,0.2520255,0.1478824,0.9585813,0.883213,0.9337962,0.8919922,0.8734332,0.8489112,0.1696507,0.1241822,0.5233845,0.3517233,0.7209837,0.7867241,0.9621797,0.1169577,0.07329942,0.04982305,0.04921091
680,0.09812258,0.08124469,0.6046965,0.1338167,0.09756836,0.9272723,0.791828,0.5511603,0.6630286,0.7809684,0.6807362,0.3094943,0.07047124,0.5837605,0.264174,0.1571567,0.9594594,0.884719,0.9344742,0.8931834,0.8744413,0.8503577,0.166566,0.1218081,0.5286341,0.3568486,0.7278053,0.7937822,0.9627632,0.1405099,0.09046839,0.04980633,0.04916236
685,0.09873079,0.0817744,0.6209774,0.1354942,0.09926504,0.9282995,0.7936606,0.5635697,0.6666186,0.7843899,0.6884077,0.3157436,0.07168558,0.6006663,0.2776594,0.1680091,0.9602254,0.8857467,0.9348919,0.8940948,0.8754865,0.8514342,0.1635558,0.1195931,0.5338577,0.3625377,0.7352294,0.8010656,0.963528,0.1741961,0.1187962,0.04965329,0.04914893
690,0.09933843,0.08226363,0.6358416,0.1370229,0.1006905,0.9282117,0.7939624,0.5745686,0.6690662,0.7862943,0.6951744,0.3220956,0.07334507,0.6160923,0.2924124,0.1803637,0.9596491,0.8858975,0.9343296,0.8937124,0.8751976,0.8511932,0.1604715,0.1173626,0.5391611,0.3682499,0.7420591,0.8078821,0.9630486,0.222272,0.1637971,0.04948368,0.04891404
695,0.100263,0.08290328,0.650609,0.138792,0.1024224,0.9297114,0.7960065,0.586049,0.6723529,0.7897813,0.7030051,0.3292736,0.07601568,0.6319423,0.309281,0.1949446,0.9610411,0.887505,0.935429,0.8951192,0.8764411,0.8528637,0.1578992,0.1154843,0.5457497,0.3752195,0.7511582,0.8170762,0.9639409,0.2852041,0.2261578,0.04939139,0.04889131
700,0.1009369,0.08326292,0.6614847,0.1401914,0.103764,0.9275309,0.7947891,0.5947119,0.6729336,0.7898722,0.7078745,0.3353482,0.07981402,0.6444651,0.3264374,0.2105888,0.9586012,0.8856395,0.9328912,0.8929992,0.8745193,0.8508577,0.1550476,0.1132946,0.5506057,0.3813118,0.7577755,0.8236269,0.9612523,0.3591297,0.3016036,0.04931717,0.0486383
705,0.1018393,0.08391389,0.6738623,0.1419486,0.1054499,0.9288616,0.7961887,0.6050424,0.6758361,0.7925887,0.7151692,0.3426538,0.08594784,0.6585746,0.3456679,0.2285934,0.9595536,0.886966,0.9336202,0.8939747,0.8756741,0.8518802,0.152823,0.1115737,0.5576673,0.3892288,0.7675205,0.8338008,0.9616846,0.4419145,0.3868206,0.04928638,0.04858326
710,0.1024193,0.08432117,0.6834235,0.1432921,0.10693,0.9278688,0.7962508,0.6133379,0.6769888,0.7940131,0.7206323,0.3490438,0.0946502,0.6702752,0.3653415,0.2476887,0.9585305,0.8861054,0.9321039,0.8929331,0.8747686,0.851297,0.1502248,0.1096466,0.5639244,0.3965485,0.7762475,0.8423038,0.960551,0.5253015,0.4725412,0.04909357,0.04835376
715,0.1036156,0.08518342,0.6951416,0.1453457,0.1089884,0.9299423,0.7993783,0.6234578,0.6804289,0.7983632,0.7282758,0.3562688,0.1075547,0.6834503,0.3869846,0.2687176,0.9608129,0.8885144,0.9339366,0.8953358,0.8766955,0.8540313,0.1485516,0.1082781,0.5721688,0.4057191,0.7877614,0.8543045,0.9627733,0.6050341,0.5528091,0.04919438,0.04855051
720,0.1050517,0.0862584,0.7041591,0.1473296,0.1111077,0.9303703,0.799391,0.631892,0.6827832,0.7996281,0.7344527,0.3624455,0.1253551,0.6942483,0.4071347,0.2899665,0.9606128,0.8887482,0.9340088,0.8952456,0.8768876,0.8536648,0.1470814,0.1074222,0.5788809,0.4141046,0.7975452,0.8643742,0.9615592,0.6698499,0.618459,0.04976093,0.04881013
725,0.1065903,0.0875471,0.7129793,0.1495311,0.113486,0.9309177,0.8004237,0.6403858,0.6850709,0.8017244,0.7406086,0.3679309,0.1481563,0.7045747,0.4276214,0.3114836,0.9606804,0.8895524,0.9339091,0.8954412,0.8773587,0.8542067,0.1458768,0.106801,0.5860032,0.4227338,0.8075792,0.8744855,0.9612569,0.7231884,0.6714741,0.05034142,0.04938209
730,0.1072593,0.08834407,0.7194225,0.1510712,0.1153858,0.9293575,0.7995501,0.6471178,0.6855648,0.8022395,0.7448418,0.3715158,0.1748901,0.7124672,0.4461443,0.3315891,0.9587035,0.8881295,0.9318359,0.8934965,0.8755585,0.8529712,0.1440838,0.1057724,0.5915018,0.4301025,0.8152685,0.8824592,0.9592012,0.7621857,0.7098159,0.05044104,0.04959078
735,0.1079266,0.0889836,0.7278857,0.1526629,0.1173678,0.9310551,0.8016098,0.6559609,0.6885278,0.8050191,0.7515905,0.3749024,0.2052295,0.7223238,0.4645416,0.3513929,0.9603298,0.8894904,0.9330841,0.8946537,0.8767327,0.8545203,0.142478,0.1046907,0.5984417,0.4384398,0.8252296,0.8931658,0.9602536,0.7927212,0.7398257,0.05027589,0.04951306
740,0.1077131,0.08874848,0.7320985,0.1533919,0.1186119,0.9283544,0.7995825,0.6615744,0.6877136,0.8039571,0.7547516,0.3751808,0.2362253,0.7283369,0.4789675,0.3681869,0.9574139,0.887287,0.9304359,0.8920721,0.8745002,0.8519469,0.1400704,0.1030144,0.6020653,0.4441314,0.8308759,0.8990234,0.9570921,0.8107902,0.7577708,0.04940769,0.04896685
745,0.1079827,0.0890526,0.7392111,0.1547127,0.1202304,0.929929,0.8013316,0.6697259,0.6902248,0.8064169,0.7610567,0.3760999,0.2678059,0.7369972,0.4939095,0.3844635,0.9588051,0.8890125,0.9317157,0.8939035,0.875531,0.8534541,0.1384652,0.1018119,0.6073411,0.4508765,0.8390317,0.9083517,0.9575012,0.8254629,0.7722296,0.04895775,0.04864259
750,0.1085109,0.08950057,0.7447289,0.1561814,0.1221667,0.9299672,0.8020862,0.6768907,0.6917806,0.8082979,0.7658268,0.3751848,0.2965071,0.7441261,0.5061788,0.3983346,0.9588391,0.8892864,0.9313635,0.8941985,0.875591,0.8539745,0.1370464,0.1008908,0.6114743,0.4563432,0.8448846,0.9146041,0.9572034,0.8345105,0.7807628,0.04876773,0.04861231
755,0.1086117,0.08988613,0.7487062,0.1573626,0.123919,0.9289935,0.8011895,0.6830927,0.6923099,0.80877,0.7695826,0.3728132,0.3220353,0.7501703,0.5163215,0.4095732,0.957396,0.8885819,0.9300916,0.8927965,0.8746254,0.8530504,0.1355504,0.09999921,0.6135562,0.4603038,0.8485221,0.9190195,0.9556763,0.8391436,0.785143,0.04845048,0.04863156
760,0.1091825,0.09044594,0.7539724,0.1588049,0.1259611,0.929418,0.8021277,0.6901414,0.6936781,0.8106115,0.7742584,0.3700444,0.3448787,0.7571766,0.5256203,0.41987,0.9578232,0.8887863,0.9298971,0.8927733,0.8748424,0.8538859,0.1345973,0.09950875,0.6160927,0.4639685,0.8526746,0.9234415,0.9563414,0.8434674,0.7888121,0.04844703,0.04886981
765,0.1097827,0.09108359,0.7589913,0.160448,0.1281315,0.9298107,0.8026786,0.6971607,0.6950563,0.8121225,0.7788736,0.366643,0.3648946,0.7639729,0.5330103,0.4286637,0.9582158,0.8892911,0.9299681,0.8929744,0.8750506,0.8542067,0.1337956,0.09919208,0.6176887,0.4666064,0.8561844,0.9273107,0.9567226,0.8458972,0.7914133,0.04866158,0.04913823
770,0.1104408,0.09179913,0.7639437,0.1620647,0.130338,0.9302355,0.8032279,0.7041709,0.6964221,0.8135451,0.7839038,0.3626276,0.382531,0.7709191,0.5396435,0.4361314,0.9584168,0.889416,0.9302659,0.8930324,0.8753271,0.8545173,0.133193,0.09897169,0.618509,0.4683461,0.8587887,0.9305944,0.9573548,0.8476421,0.793028,0.04869784,0.04933237
775,0.1109867,0.09218919,0.7691702,0.1637207,0.1322308,0.931173,0.8037108,0.711078,0.6980785,0.8147179,0.7886719,0.3581281,0.3978671,0.7781,0.5451087,0.4427293,0.9597245,0.8904648,0.930948,0.8939744,0.8762974,0.8549539,0.1327596,0.09846835,0.6187072,0.4690158,0.8617588,0.9339192,0.9581043,0.8484873,0.7948649,0.04875156,0.04937039
780,0.1117291,0.09256996,0.7743141,0.1653832,0.13417,0.9331226,0.8048578,0.7186936,0.6996939,0.8169845,0.7941287,0.3536115,0.4111928,0.7857091,0.5508651,0.4485714,0.9610169,0.8924813,0.9328753,0.8951932,0.8778906,0.8559532,0.1323489,0.09810035,0.6185222,0.4687493,0.8644602,0.93814,0.9599743,0.8499722,0.7960717,0.04902634,0.04943341
785,0.1117437,0.09285264,0.7765352,0.1658791,0.1355636,0.9310509,0.8028051,0.7230327,0.6990571,0.8157413,0.7960533,0.3474597,0.4216721,0.7903448,0.5529863,0.451746,0.9592752,0.8905891,0.9307562,0.8932631,0.8758259,0.8539712,0.1314687,0.09764834,0.6147269,0.4658957,0.8635178,0.9379796,0.9577374,0.8467368,0.7935691,0.04883992,0.04931526
790,0.1124696,0.09350694,0.7821938,0.167254,0.1378582,0.9327977,0.8040483,0.7308378,0.7010568,0.8179889,0.8011078,0.3430762,0.4332981,0.7985169,0.5575528,0.4568986,0.9613511,0.8921173,0.9320501,0.8948985,0.8774636,0.8553457,0.1311882,0.09734768,0.6132274,0.4643202,0.8661495,0.9412737,0.9597327,0.847875,0.7953203,0.04884314,0.04939255
795,0.1126965,0.0937424,0.7859265,0.1684387,0.1396644,0.9323656,0.8033797,0.7365627,0.7018807,0.8184469,0.8045044,0.3380368,0.4426063,0.8047153,0.5607542,0.4608181,0.9608847,0.8920544,0.9317684,0.894432,0.8768104,0.8546293,0.13035,0.09695761,0.6099421,0.4611305,0.8667297,0.9426239,0.9592198,0.8475712,0.7957934,0.04864589,0.04945154
800,0.1128972,0.09396572,0.7885506,0.1690446,0.1410628,0.931279,0.8020943,0.7409468,0.7015619,0.8179793,0.806795,0.3328852,0.4502044,0.8099346,0.5627811,0.4637119,0.9598386,0.890421,0.9303655,0.8931837,0.875559,0.8533521,0.1297117,0.09650216,0.6055632,0.4570085,0.8665007,0.9430767,0.9577669,0.8458647,0.7951107,0.04854306,0.04944033
805,0.1138935,0.09496924,0.7951322,0.1707237,0.1434135,0.9350291,0.8047717,0.7498719,0.7055061,0.822219,0.813253,0.3298717,0.4596231,0.8197179,0.5674514,0.4687947,0.9635038,0.8942711,0.9340399,0.8964318,0.879447,0.8569006,0.1298091,0.09675986,0.6041273,0.4548874,0.870733,0.9486858,0.9621899,0.8486962,0.7981496,0.04869381,0.04971421
810,0.1144723,0.0954501,0.7987629,0.1716391,0.1450904,0.935196,0.8054205,0.7555363,0.7064846,0.8231959,0.8167812,0.3257322,0.4663801,0.8262545,0.570207,0.4722037,0.9635316,0.8950541,0.9344102,0.8969189,0.8795053,0.8568401,0.1294943,0.0965115,0.6003215,0.4504296,0.8710191,0.9502981,0.9625233,0.8480655,0.7980264,0.04869213,0.04965278
815,0.1149698,0.09582746,0.8011968,0.1723462,0.1464594,0.9343598,0.8040377,0.7599854,0.7067294,0.8230371,0.8190406,0.3219343,0.4716321,0.8318393,0.5719151,0.4747735,0.9631621,0.893921,0.9335759,0.8956861,0.8785698,0.8556683,0.1289884,0.09611984,0.5952345,0.4453335,0.8709714,0.9505893,0.9620008,0.8466202,0.7968845,0.04854032,0.04954386
820,0.1157393,0.09637208,0.8044658,0.1733021,0.148001,0.9345883,0.8043302,0.7652716,0.7076697,0.8236191,0.8221033,0.3187497,0.4769253,0.8382584,0.5744813,0.4777548,0.9632877,0.8940635,0.9335515,0.8963052,0.8786918,0.856119,0.1287458,0.09597673,0.5909556,0.4408609,0.8713695,0.9522769,0.9628421,0.8460338,0.7966828,0.04845135,0.0494969
825,0.1165395,0.09712793,0.8077527,0.1739694,0.1494458,0.9350836,0.8045181,0.7705538,0.7088139,0.824713,0.824903,0.3158538,0.4818049,0.8447767,0.5771847,0.4812014,0.964232,0.8944584,0.9339143,0.8966883,0.8790017,0.8562127,0.1287301,0.09599456,0.5866913,0.4361852,0.8720456,0.9540899,0.9635527,0.8450737,0.7966566,0.04841616,0.04951032
830,0.1176522,0.09808315,0.8101395,0.1750833,0.1509659,0.9350343,0.8042915,0.7748129,0.7094176,0.8255168,0.827271,0.3134627,0.4859565,0.8502921,0.5799393,0.4842069,0.9640696,0.894431,0.9335895,0.8963454,0.8789424,0.8561347,0.1288755,0.09608199,0.5822171,0.431503,0.8720899,0.9549828,0.9638132,0.8442433,0.7959612,0.04863259,0.04973754
835,0.1188195,0.0988531,0.8118014,0.1756109,0.1525162,0.9343207,0.8030187,0.7783595,0.7095077,0.8251299,0.8290153,0.3111009,0.4893817,0.8551767,0.5822374,0.4868588,0.9631289,0.8934962,0.9328784,0.8957672,0.878089,0.8551079,0.1288203,0.09604248,0.5774649,0.4268476,0.8716259,0.9551556,0.9629654,0.8416334,0.7946424,0.04883479,0.04977852
840,0.1206453,0.1004209,0.8138883,0.1770041,0.1544549,0.9341998,0.8039966,0.7827871,0.710544,0.8267215,0.8312842,0.3100818,0.4930135,0.8608797,0.5856044,0.4904329,0.9632462,0.8936557,0.9330508,0.8956621,0.8779401,0.8559138,0.129698,0.0965893,0.573879,0.4226672,0.8720891,0.9567937,0.9644775,0.8420449,0.794556,0.04921468,0.05024
845,0.1225761,0.10196,0.8169805,0.1781093,0.1565723,0.9344572,0.8037156,0.787887,0.7118351,0.8272741,0.8345095,0.3094812,0.497504,0.8672435,0.5877736,0.4938541,0.963946,0.8944342,0.9334216,0.8968496,0.8787795,0.8559711,0.1307241,0.09722582,0.5700403,0.4190588,0.8730925,0.9585689,0.9650823,0.8405856,0.7941425,0.0496248,0.05053274
850,0.1244858,0.1035186,0.8187765,0.1791161,0.1584413,0.9344444,0.8029945,0.7917572,0.7123698,0.8272483,0.8366477,0.3087945,0.5016441,0.8720434,0.5900237,0.4970182,0.9639152,0.8945045,0.933177,0.8964192,0.8785731,0.8552582,0.1315057,0.09776847,0.5658445,0.4154013,0.873209,0.9591719,0.9646263,0.8386284,0.7929498,0.05012445,0.05076697
855,0.1269787,0.105212,0.8209222,0.1803339,0.160076,0.9346964,0.8028018,0.7958472,0.713454,0.8279256,0.8386487,0.3087651,0.5064678,0.876736,0.5934213,0.500572,0.9640543,0.894512,0.9331223,0.8964642,0.8783564,0.8555543,0.1329718,0.09850512,0.5624663,0.4121785,0.8735856,0.9600618,0.9651664,0.8377018,0.7922765,0.05064776,0.05114895
860,0.1296101,0.107234,0.8230023,0.1815019,0.1619839,0.934646,0.8025373,0.7999229,0.7145668,0.8281909,0.8407433,0.3091943,0.5120726,0.8816683,0.5966691,0.5040511,0.9647285,0.8951606,0.9334388,0.8967156,0.8788724,0.8555003,0.1341094,0.09926558,0.5595785,0.4092044,0.8744051,0.96106,0.965914,0.8362851,0.7913933,0.05103224,0.05138071
865,0.1323235,0.1094764,0.8245496,0.1827644,0.1638398,0.9342921,0.8023424,0.8035535,0.7152782,0.8290604,0.8422702,0.3098543,0.5178443,0.8857358,0.5997946,0.5076225,0.9644965,0.8949618,0.9332185,0.896467,0.8788471,0.8554202,0.1355046,0.1001894,0.5567515,0.4066666,0.874186,0.9616786,0.9661798,0.8351912,0.7901033,0.05152205,0.05166934
870,0.1352213,0.1119622,0.825459,0.1836994,0.1656172,0.9340065,0.8012741,0.8066174,0.7152414,0.8284994,0.8433535,0.3105695,0.5243617,0.888921,0.6026962,0.511009,0.9632208,0.8938096,0.932652,0.8956493,0.878041,0.8545787,0.1370136,0.1011186,0.5537096,0.4038877,0.8736144,0.9615747,0.9659553,0.8326002,0.7881223,0.05186796,0.05202778
875,0.1386734,0.1146349,0.8283285,0.1852453,0.1677048,0.9344677,0.8011862,0.8110292,0.7164196,0.8291529,0.8454806,0.3125215,0.5325426,0.8934925,0.6059709,0.5151212,0.9640696,0.8942863,0.9330711,0.8959455,0.8779558,0.8543935,0.1387542,0.1022701,0.5516482,0.4023403,0.8744411,0.962828,0.9658884,0.8311396,0.7871509,0.05250182,0.05252972
880,0.1426871,0.117577,0.8284808,0.1869349,0.1698096,0.9339209,0.8005499,0.812745,0.7160243,0.8291817,0.8451678,0.3143048,0.5402593,0.895893,0.6089569,0.5183694,0.9638174,0.8925976,0.9320291,0.8952887,0.8771529,0.8539145,0.1411182,0.1036432,0.5497723,0.4002104,0.873821,0.9615288,0.965155,0.829181,0.7845944,0.0532015,0.05277376
885,0.1473469,0.120912,0.8298546,0.1887703,0.1720167,0.9329902,0.7999732,0.8162388,0.7161046,0.8294747,0.8459927,0.3167816,0.5492975,0.8989396,0.6123033,0.5222815,0.9632854,0.8925172,0.9319997,0.8948322,0.8765355,0.8536156,0.1437684,0.1051342,0.5487242,0.3989143,0.8735327,0.9621764,0.9649453,0.8270071,0.7824415,0.05420485,0.05341554
890,0.1522657,0.12481,0.8315179,0.1904104,0.1746334,0.9329587,0.7995902,0.8194892,0.7173315,0.8297689,0.8468128,0.3198884,0.559124,0.9026515,0.6168829,0.5264812,0.9636293,0.8921444,0.9318329,0.8944761,0.8763978,0.8536159,0.1462814,0.1069974,0.5479323,0.3983003,0.8737574,0.9622771,0.9651459,0.825664,0.7804272,0.05508709,0.05411077
895,0.1575718,0.1291407,0.8327101,0.1920192,0.1771098,0.9329994,0.7987079,0.8223469,0.7178746,0.8292005,0.8472106,0.3229904,0.5686106,0.9058013,0.6202055,0.5306121,0.9636016,0.8911448,0.9316257,0.8938407,0.8759261,0.8529824,0.149144,0.108884,0.5469506,0.3977395,0.8733821,0.9623619,0.9641969,0.8231359,0.7782837,0.05615452,0.0546883
900,0.1631191,0.1333874,0.8337898,0.1939734,0.1794823,0.9319611,0.7982809,0.8245548,0.7182605,0.8295333,0.8474057,0.326474,0.5775074,0.9087198,0.6236145,0.5345749,0.9630391,0.8904781,0.9304308,0.8928869,0.8749939,0.8523023,0.1518996,0.1105099,0.5468751,0.397512,0.8726509,0.9615854,0.9637343,0.8207606,0.7760032,0.05673942,0.05489345
905,0.1690791,0.138435,0.8362532,0.1959991,0.1818713,0.9316198,0.7972417,0.8279294,0.718942,0.8289006,0.84837,0.3307425,0.5871718,0.9123018,0.6268418,0.5392162,0.9625725,0.8902347,0.9306893,0.8924265,0.8745272,0.8510404,0.1554217,0.1126413,0.5461949,0.3977046,0.8719956,0.9619528,0.9627436,0.8184845,0.773812,0.05717046,0.05536876
910,0.1756193,0.1436984,0.8381642,0.1979426,0.184793,0.9317428,0.7974099,0.8309737,0.7205973,0.8295609,0.8499767,0.3353131,0.5966647,0.91623,0.6319302,0.5438364,0.963009,0.8906299,0.930055,0.8925954,0.8751898,0.8513408,0.1584206,0.1152569,0.5470549,0.3989494,0.8729535,0.9620489,0.9631652,0.8160428,0.7721021,0.05811725,0.05592593
915,0.1828758,0.1495817,0.8390989,0.2000077,0.1871498,0.9298295,0.7977576,0.8323515,0.7198657,0.8305899,0.8497893,0.3397961,0.6037567,0.918382,0.635448,0.547631,0.9617584,0.8899338,0.9283743,0.8914477,0.8733622,0.8517815,0.1620726,0.1170467,0.5465143,0.3990847,0.8723471,0.960933,0.963195,0.8153154,0.7695123,0.0587761,0.05613079
920,0.1905491,0.1560595,0.8409988,0.202173,0.1901305,0.9297906,0.7984263,0.8355049,0.721414,0.8305534,0.8516266,0.3448334,0.6116,0.9221313,0.6391909,0.5524586,0.9610602,0.8896621,0.9287087,0.8912293,0.8735995,0.851898,0.1655768,0.1195924,0.5465291,0.3996443,0.8722378,0.9613244,0.9620484,0.8131855,0.7674521,0.05955486,0.05674032
925,0.1983784,0.1629568,0.8428028,0.2043846,0.1934054,0.9295907,0.7988348,0.8381757,0.7224445,0.830646,0.8527993,0.3506432,0.6184424,0.9253002,0.6422904,0.5570081,0.9609465,0.8892201,0.9282902,0.8910263,0.8733036,0.8515675,0.1695362,0.1224078,0.5470706,0.400994,0.8720467,0.9608074,0.9617894,0.8101885,0.7654624,0.06040506,0.05725046
930,0.2068267,0.1702852,0.8445465,0.2067942,0.1965593,0.9295202,0.7981714,0.840686,0.7234539,0.830608,0.8538674,0.3571335,0.6247754,0.928829,0.6448107,0.5620287,0.9608971,0.8896798,0.9281703,0.8911427,0.8737906,0.8516006,0.1736284,0.1254954,0.5478278,0.4027766,0.8723978,0.9608078,0.9613053,0.807219,0.7631173,0.06121277,0.05748964
935,0.2159902,0.178311,0.8460902,0.2094636,0.200243,0.9284215,0.7966913,0.8418922,0.7237771,0.8312321,0.854247,0.3635628,0.6302842,0.9312969,0.6472223,0.5658881,0.9600497,0.8894342,0.9268626,0.8902045,0.8733498,0.8504132,0.1776512,0.1284582,0.5481176,0.4040639,0.8717383,0.9597011,0.9598708,0.8032671,0.7596938,0.06214675,0.05802809
940,0.2255692,0.1870769,0.8465721,0.211924,0.2035674,0.9276174,0.7965767,0.8429986,0.7246566,0.8306,0.8546016,0.3700613,0.6351359,0.9337208,0.6515532,0.5701813,0.9596027,0.888636,0.9262278,0.8895276,0.8723696,0.849754,0.1823637,0.1317361,0.5485025,0.4053591,0.871709,0.9592009,0.9606221,0.8008044,0.7564414,0.06278925,0.05805857
945,0.2352305,0.1954866,0.8476248,0.2142474,0.2069147,0.927662,0.7956564,0.8452101,0.7259277,0.8298833,0.8552167,0.3772097,0.6403091,0.9371831,0.6536277,0.5738904,0.9596279,0.8878732,0.9259847,0.8893239,0.8719682,0.8498896,0.1865828,0.1346879,0.5499831,0.406988,0.8710429,0.958621,0.9590323,0.7964827,0.7528781,0.06274837,0.05746106
950,0.2458097,0.2053187,0.8484542,0.2171833,0.2101209,0.9277009,0.7960194,0.847937,0.7274985,0.8299631,0.8559158,0.3852574,0.6440439,0.939312,0.6580992,0.5777231,0.9605656,0.8877064,0.926099,0.8890444,0.8721234,0.8499038,0.1914388,0.1385413,0.5513996,0.409962,0.8714786,0.959332,0.9582466,0.79336,0.7491542,0.06395426,0.05770329
955,0.2367857,0.1906952,0.8464808,0.2068309,0.1943154,0.9495708,0.8050917,0.8677046,0.7352291,0.8396052,0.8421718,0.382277,0.652995,0.8470478,0.6716958,0.5799567,0.9828879,0.8926179,0.9595619,0.8731056,0.8873993,0.8464791,0.1729037,0.1212825,0.552734,0.3961454,0.8782293,0.9213557,0.9808241,0.7944227,0.7612091,0.05286906,0.04866254
960,0.245426,0.199261,0.8474367,0.2075067,0.1963175,0.9501402,0.8040026,0.8698488,0.7360545,0.8393657,0.842453,0.3897336,0.6572426,0.8505158,0.6750689,0.583781,0.9834545,0.8919644,0.9597111,0.8729316,0.887208,0.8459284,0.1748662,0.1226404,0.5530266,0.3976035,0.8783819,0.9213464,0.9800819,0.7895132,0.7568495,0.05221528,0.0482389
965,0.2550073,0.2084737,0.8476678,0.2086298,0.1984436,0.9502225,0.8031587,0.8713627,0.7365193,0.8392522,0.8421553,0.3972293,0.6608649,0.8530511,0.6786839,0.5873948,0.9836136,0.8911512,0.9594009,0.8723146,0.8867717,0.8454903,0.1772583,0.124234,0.5538249,0.3990672,0.8781183,0.9208945,0.9797076,0.784587,0.7519283,0.05196939,0.04805851
970,0.265154,0.2179142,0.8473084,0.2098902,0.2006214,0.9495654,0.8022403,0.8721253,0.7364109,0.8389933,0.8410773,0.4044937,0.6637446,0.8547121,0.6821166,0.5905832,0.982951,0.8898294,0.9582103,0.8711016,0.885604,0.8450537,0.1798733,0.1258204,0.5550172,0.4006966,0.8772116,0.9198302,0.9790136,0.779305,0.7462127,0.05200642,0.04807306
975,0.2755072,0.2278496,0.8467767,0.2112218,0.202929,0.948754,0.8009601,0.8726715,0.7362342,0.8383678,0.8398608,0.4120014,0.666448,0.856185,0.685212,0.5937408,0.9819638,0.8883346,0.9564407,0.869786,0.8843195,0.8442465,0.1825813,0.1275859,0.5561538,0.402788,0.8761944,0.9186312,0.9777411,0.7733067,0.7401305,0.0522496,0.04832542
980,0.2858385,0.2381517,0.8463545,0.2124814,0.2053896,0.9480627,0.7996359,0.8732427,0.7361699,0.8376505,0.8387998,0.4195296,0.6691409,0.857697,0.6878604,0.5970087,0.9811866,0.8869497,0.9547821,0.868665,0.8832016,0.843214,0.1850813,0.1295282,0.5572094,0.4049925,0.8753331,0.9175398,0.9763387,0.7666119,0.7338696,0.0524684,0.04883295
985,0.2962423,0.2485967,0.8457439,0.2138096,0.2078825,0.9470476,0.7981933,0.8735499,0.7359324,0.8366605,0.8376618,0.4267999,0.6714391,0.8589842,0.6904901,0.6000301,0.9800729,0.8854785,0.9531254,0.8672923,0.8818539,0.8419552,0.1876011,0.1313458,0.5583358,0.4072502,0.8742515,0.9162875,0.9746627,0.7593191,0.7268711,0.05301415,0.04939648
990,0.3071643,0.2594424,0.8456659,0.215463,0.2106827,0.9465418,0.7973621,0.8742825,0.7361562,0.8363864,0.83715,0.434128,0.6740497,0.8607273,0.6932799,0.6034237,0.9795463,0.8846709,0.9525474,0.8665793,0.8811029,0.8412914,0.1903913,0.1333522,0.5600699,0.4100974,0.8736864,0.9157358,0.9736721,0.7520491,0.7199277,0.053945,0.05016465
995,0.3180631,0.2704462,0.8459525,0.217056,0.2134058,0.9462558,0.7968506,0.8753377,0.7365918,0.8364032,0.8370374,0.4410731,0.6766981,0.8628282,0.6961983,0.6068244,0.979329,0.8842516,0.9529196,0.8662695,0.8806194,0.8409296,0.1930214,0.1353576,0.5619982,0.4131262,0.8732991,0.9155707,0.9730604,0.7444423,0.7126839,0.05480299,0.05111266
1000,0.3289981,0.2814855,0.8461444,0.2186997,0.2162684,0.9458801,0.7965579,0.8762935,0.7369561,0.8364336,0.8369833,0.4476526,0.6792232,0.8647644,0.6991001,0.6101364,0.9790129,0.883809,0.9533365,0.8660017,0.8801542,0.8405755,0.1956748,0.1372632,0.5642176,0.4163869,0.8730198,0.9154045,0.9725139,0.736284,0.7048605,0.0558581,0.05216449
1005,0.3398975,0.2926559,0.8465186,0.2203692,0.2192598,0.9457421,0.7962408,0.8774204,0.7374971,0.8365409,0.8372618,0.4537444,0.6818533,0.8668674,0.7019238,0.6135322,0.978812,0.8835913,0.953679,0.865721,0.8798335,0.8402814,0.1982302,0.1392661,0.5665668,0.4200113,0.8728817,0.9154295,0.9721495,0.7275519,0.6965834,0.05698423,0.05339066
1010,0.3509102,0.3036532,0.846506,0.2222896,0.2220671,0.9452156,0.7957612,0.8781565,0.7377802,0.8364348,0.8371857,0.4590382,0.6840882,0.8685818,0.7045161,0.6166054,0.9784316,0.8829781,0.9534372,0.8652269,0.8792121,0.8397167,0.2008266,0.1410713,0.5692034,0.4235835,0.8724467,0.9151596,0.9712727,0.7181721,0.6874838,0.05831039,0.0547015
1015,0.3613165,0.3149254,0.8470443,0.2239481,0.2252339,0.9452084,0.7955277,0.8793947,0.7385534,0.8366172,0.8377821,0.4643285,0.6867468,0.8707489,0.7070743,0.620011,0.9783233,0.8829595,0.9535935,0.8651271,0.8790753,0.8395494,0.2031126,0.1430122,0.5718999,0.4278819,0.8724264,0.9154773,0.9710522,0.708164,0.678272,0.05961935,0.05625402
1020,0.3719437,0.3257776,0.8474302,0.2258613,0.2281285,0.9451458,0.7956864,0.8803415,0.7390995,0.8370078,0.8382314,0.4686665,0.6889873,0.8727279,0.7098777,0.6229638,0.9781721,0.8828348,0.9534917,0.8650067,0.8787684,0.8395149,0.2054302,0.1446121,0.5749692,0.4320613,0.8722088,0.9156099,0.9708372,0.6980153,0.668117,0.06123008,0.05790446
1025,0.3822672,0.3367636,0.8480912,0.2277412,0.2314311,0.9450538,0.7959067,0.8815212,0.739871,0.8375127,0.8389506,0.4728203,0.691474,0.8746362,0.7123877,0.6261096,0.9779298,0.8829864,0.9534483,0.8650451,0.8786911,0.8395317,0.2075353,0.1464225,0.5781684,0.4368415,0.8722706,0.9158711,0.9707729,0.6870617,0.6576549,0.06277671,0.05982918
1030,0.3925628,0.3475024,0.8487804,0.2295243,0.2345108,0.944924,0.7960464,0.8825416,0.7404647,0.8378958,0.8395567,0.4762886,0.6937845,0.8764255,0.7147394,0.6289433,0.9777441,0.8831096,0.9531898,0.8649865,0.8785933,0.8395529,0.2095489,0.1480573,0.581565,0.4416835,0.8721572,0.9161991,0.970544,0.6754158,0.6463494,0.06462516,0.06196664
1035,0.4027789,0.3582099,0.8497699,0.2314355,0.2377489,0.9451137,0.7965011,0.883932,0.7414304,0.8385825,0.8404709,0.4794974,0.6961726,0.8784717,0.7172771,0.6319904,0.9778115,0.883611,0.9534763,0.8652424,0.8787959,0.8398166,0.2114097,0.1495441,0.585253,0.4469365,0.872396,0.9167368,0.9707538,0.663489,0.6347258,0.06651828,0.06416036
1040,0.4127538,0.368495,0.8504816,0.2333518,0.2408623,0.9453178,0.7969835,0.8851944,0.7422855,0.8393399,0.8412727,0.482133,0.6983646,0.8801821,0.7198714,0.6347404,0.9778426,0.8839294,0.9536724,0.8653886,0.8788775,0.8402143,0.2131612,0.1507958,0.5892084,0.4522714,0.8725233,0.9170859,0.9710176,0.6510754,0.6222041,0.06862023,0.06661146
1045,0.4219582,0.3782841,0.8508726,0.2350539,0.2439471,0.9449611,0.7969643,0.8858761,0.7427601,0.8395483,0.841619,0.4843557,0.7001974,0.8813936,0.7216645,0.6371092,0.9773678,0.8837418,0.9532913,0.865057,0.8786283,0.8400155,0.2144936,0.15195,0.5929589,0.4576126,0.8722807,0.9168951,0.970664,0.6374894,0.6087814,0.07072635,0.06924196
1050,0.4309011,0.3878075,0.8517507,0.2367667,0.2470247,0.9450297,0.79737,0.8871121,0.7435869,0.8400449,0.8423467,0.4862502,0.7023464,0.882995,0.7236194,0.6396288,0.9774787,0.8842378,0.9533319,0.8652392,0.8788536,0.8401747,0.2157473,0.1529848,0.5969936,0.4633631,0.8725476,0.9172899,0.9707523,0.6236916,0.5950485,0.07299707,0.0720692
1055,0.4397584,0.3970051,0.8528516,0.2385961,0.2501717,0.9451918,0.7979146,0.8883969,0.7445648,0.840838,0.8432726,0.4880126,0.704682,0.8846101,0.7256553,0.6421832,0.9777198,0.8848423,0.9536904,0.8655065,0.8792355,0.8404105,0.2170342,0.1538193,0.6013545,0.4694532,0.8729665,0.9177582,0.9710013,0.6096064,0.5808519,0.07545371,0.07510398
1060,0.4483799,0.4058615,0.8535722,0.2406577,0.2533597,0.9450204,0.7988679,0.8893055,0.7452893,0.841907,0.8436505,0.4894547,0.7066028,0.8856509,0.728177,0.6445434,0.9773709,0.8852303,0.9535571,0.8656229,0.8791248,0.8411772,0.2181594,0.1547201,0.6063401,0.4757806,0.8728622,0.917923,0.97194,0.5954477,0.5661101,0.07815775,0.07843168
1065,0.455938,0.4141814,0.853946,0.2423348,0.256517,0.9447658,0.7990628,0.890051,0.7458246,0.8422742,0.8438925,0.4907203,0.7084119,0.8864336,0.7299042,0.6467117,0.9769503,0.8854248,0.9532823,0.8655379,0.8791199,0.8413396,0.2189339,0.1552759,0.6109711,0.4822544,0.8727155,0.9179341,0.9719441,0.5802337,0.5509371,0.08086693,0.08195228
1070,0.463372,0.4220252,0.854393,0.244002,0.2595198,0.9443696,0.7991952,0.8908526,0.7463278,0.842559,0.844254,0.4916392,0.710153,0.8874648,0.7313763,0.6487864,0.9764546,0.8856038,0.9529173,0.8654922,0.8788449,0.841221,0.219459,0.1556825,0.6154449,0.4888228,0.8725727,0.9180664,0.9713327,0.5648268,0.5351058,0.08383848,0.08561952
1075,0.4699349,0.4294054,0.8549318,0.2454786,0.2624139,0.9443792,0.7992036,0.8916869,0.747088,0.8428747,0.8448341,0.4924305,0.7119861,0.8887351,0.7326573,0.6508896,0.976529,0.8859538,0.9528962,0.8656801,0.8791105,0.8411286,0.2196829,0.1558326,0.619943,0.4954959,0.8728451,0.9183768,0.9708441,0.5488964,0.5191199,0.08682488,0.08946686
1080,0.4763295,0.4365829,0.855498,0.2469197,0.2654266,0.9442103,0.7989907,0.8924882,0.7478951,0.8430595,0.8453352,0.4931103,0.7138137,0.8897463,0.733743,0.6527988,0.9763155,0.8859349,0.9528403,0.8655668,0.8791142,0.8407949,0.2198424,0.1560861,0.6245144,0.502492,0.8727185,0.9185482,0.9702022,0.5327657,0.5026699,0.08998328,0.09380195
1085,0.4827321,0.443546,0.8564938,0.2487666,0.2686183,0.9446163,0.7996842,0.8937829,0.7490711,0.844029,0.8460906,0.4940559,0.7159522,0.8911396,0.7359118,0.6548823,0.9766681,0.8866196,0.9532465,0.8661263,0.8795447,0.8412914,0.2202884,0.1564326,0.6300966,0.5100253,0.8733394,0.9190719,0.9706779,0.5169584,0.486317,0.09353535,0.09845158
1090,0.4886878,0.4498598,0.8571523,0.2505873,0.2718166,0.9448426,0.7996556,0.8948977,0.7500746,0.8444645,0.8465435,0.4949811,0.7176408,0.8920456,0.7373703,0.6567541,0.9764541,0.8869054,0.9534395,0.8662279,0.8797566,0.8412864,0.220402,0.1565365,0.6353792,0.517606,0.8734981,0.9193414,0.9706881,0.5009837,0.4697988,0.09720417,0.1034285
1095,0.4945585,0.4558975,0.8575861,0.2525299,0.2749732,0.9448268,0.7997849,0.8956841,0.7508361,0.8449402,0.8466616,0.4955992,0.7192135,0.892818,0.7393947,0.6584128,0.9762907,0.8868339,0.953238,0.8661721,0.8796294,0.8413775,0.2206925,0.1566861,0.6409311,0.5251819,0.8735487,0.9193397,0.9705532,0.4853353,0.4532464,0.1013329,0.1088694
1100,0.499657,0.4615508,0.8578539,0.2540986,0.2780361,0.9447085,0.7996002,0.8964018,0.7514974,0.8451347,0.8467368,0.4961149,0.7206173,0.8933739,0.740557,0.6600778,0.9762713,0.8865902,0.9530898,0.866065,0.8795953,0.8412428,0.2207374,0.1568495,0.6464269,0.5328223,0.8736238,0.9191206,0.9703476,0.4692635,0.4367998,0.1055425,0.1144825
1105,0.5048766,0.4668204,0.8583078,0.2561385,0.2809821,0.9451801,0.7997553,0.8975555,0.7525221,0.8457657,0.847012,0.496531,0.722235,0.8943073,0.7426069,0.6617875,0.9767699,0.8867348,0.9533046,0.8662483,0.8798909,0.8415136,0.2211302,0.1567807,0.6523364,0.5406241,0.873904,0.9193556,0.9705804,0.4539276,0.4202653,0.1100718,0.1202914
1110,0.509375,0.4719703,0.858689,0.2577215,0.2841865,0.9453586,0.7995441,0.89845,0.7535958,0.8460034,0.8470327,0.4970947,0.7237394,0.8949353,0.7438686,0.6635804,0.9770115,0.8868669,0.9534137,0.8662509,0.8801748,0.8414301,0.2209096,0.1569637,0.6578476,0.5486395,0.87423,0.9195397,0.9706045,0.4384956,0.4041667,0.1145615,0.1265899
1115,0.513743,0.4765032,0.8587607,0.2594729,0.2869752,0.9455416,0.799152,0.8992775,0.7542374,0.8462659,0.8464956,0.4971783,0.724806,0.8953431,0.7453361,0.6648587,0.9770919,0.886682,0.9536065,0.8660455,0.8801478,0.8411869,0.2210105,0.1567691,0.6636319,0.5562934,0.8742386,0.919579,0.9703338,0.4231024,0.3878864,0.1195813,0.1329557
1120,0.5177984,0.4808198,0.8583843,0.2613011,0.2898083,0.9452384,0.7982755,0.8995277,0.7546831,0.845928,0.8451122,0.4971373,0.7256027,0.8950662,0.7464197,0.6659647,0.9767301,0.8859726,0.953087,0.8654813,0.8797007,0.8405536,0.2211572,0.1566406,0.6691352,0.5638888,0.8738953,0.9189525,0.9693441,0.4083576,0.3719873,0.1248147,0.1397481
1125,0.5213531,0.4848666,0.8575601,0.2626807,0.2926439,0.9449105,0.7968844,0.8996559,0.755205,0.8452638,0.842942,0.4972843,0.7260829,0.8946961,0.747206,0.6668915,0.9763904,0.8849107,0.9525752,0.8647848,0.8789743,0.8395976,0.2209939,0.1567596,0.6741804,0.5715201,0.8736332,0.9182281,0.9681243,0.3935709,0.3565324,0.1300787,0.1469571
1130,0.5246828,0.488237,0.8560189,0.2643266,0.2950082,0.9444805,0.7946188,0.8994935,0.7553259,0.844221,0.839489,0.4968695,0.7257102,0.8937494,0.7484083,0.6672134,0.976004,0.8830259,0.9518564,0.8634888,0.8777502,0.8383005,0.2209523,0.156506,0.6793629,0.5783497,0.8727158,0.9168708,0.9663483,0.3793968,0.34115,0.1356234,0.1541304
1135,0.5277422,0.4913261,0.8536113,0.2661079,0.2972089,0.9439312,0.7915387,0.8992041,0.7553505,0.8425999,0.8355051,0.4963605,0.7247458,0.892168,0.7491016,0.6671181,0.9754905,0.8804781,0.9508452,0.8617154,0.8762025,0.8362592,0.2211606,0.1564598,0.6842453,0.5847131,0.8716313,0.9149241,0.9636641,0.3655847,0.3260087,0.141551,0.1615231
1140,0.5303299,0.4940705,0.8503911,0.2676475,0.2991426,0.9433645,0.7877195,0.8982574,0.7552048,0.8404695,0.8309373,0.4957948,0.7234587,0.889833,0.7497881,0.6663176,0.9748183,0.8768468,0.9494976,0.8593892,0.8741328,0.833869,0.2210003,0.156253,0.6887062,0.5903467,0.8701013,0.9120679,0.9605194,0.3519488,0.3112507,0.1475034,0.1691922
1145,0.5324378,0.4965408,0.846609,0.2689549,0.3011528,0.9419791,0.7831429,0.8967738,0.7545499,0.8376101,0.8256671,0.4953197,0.7225076,0.8868271,0.7496743,0.6652862,0.9737448,0.8727422,0.9475282,0.8565405,0.8714341,0.8308291,0.2207654,0.156418,0.6923937,0.5956938,0.8682015,0.9085084,0.9567449,0.3386783,0.2972117,0.1536249,0.1772059
1150,0.5346118,0.4985204,0.8428401,0.2705277,0.3028153,0.941145,0.7786354,0.8952563,0.7542958,0.8349646,0.8204721,0.4944373,0.721575,0.8835024,0.7500741,0.6637317,0.9730432,0.8687499,0.9462101,0.8535615,0.8690132,0.8279147,0.2209274,0.156327,0.6965206,0.6004643,0.866458,0.9051232,0.9530587,0.3260262,0.283476,0.160171,0.1852673
1155,0.5364227,0.5004123,0.8383659,0.2718859,0.3043312,0.9403785,0.7733793,0.8936313,0.7539523,0.8317897,0.8143778,0.4937378,0.7202718,0.8798031,0.7502871,0.6620617,0.9724581,0.8641703,0.9450043,0.8503597,0.8664353,0.8244693,0.2208548,0.1562769,0.7003056,0.6047198,0.8646913,0.9012486,0.9490201,0.3138183,0.2703611,0.1666165,0.1933788
1160,0.5383533,0.501982,0.8334099,0.2735524,0.3056367,0.9399117,0.7679436,0.8918552,0.7534077,0.828715,0.8070126,0.492805,0.7183682,0.8756114,0.7507525,0.6599852,0.9718033,0.8592746,0.9439431,0.8470159,0.8637142,0.8210419,0.2211341,0.1562054,0.7039884,0.6083782,0.8627143,0.8973358,0.9448179,0.3024653,0.2578092,0.1737525,0.201694
1165,0.5398145,0.5032636,0.8277417,0.274816,0.306702,0.9387146,0.7624038,0.8898444,0.752564,0.8253324,0.7998061,0.4917266,0.7159505,0.8711139,0.750825,0.657729,0.9709052,0.8538359,0.9423343,0.843035,0.8602382,0.8172227,0.2211878,0.1561422,0.7071474,0.6112925,0.8602726,0.8929765,0.9402043,0.2913375,0.2457368,0.1807608,0.2100907
1170,0.5412799,0.5045519,0.8226597,0.2764271,0.3080485,0.937714,0.7573029,0.8881875,0.7518725,0.8221878,0.7949302,0.4906691,0.7137971,0.8670532,0.7511666,0.6558137,0.969974,0.8491795,0.940856,0.8394767,0.8572437,0.8139029,0.2213589,0.1562324,0.7103066,0.6143429,0.8580288,0.8891957,0.9360207,0.2811691,0.2345083,0.1880292,0.2187397
1175,0.5427843,0.5059143,0.8184292,0.2778183,0.3095313,0.9366068,0.7534255,0.8866549,0.7512894,0.819979,0.7899143,0.4895555,0.7119964,0.8635464,0.751355,0.6543418,0.9690468,0.8453638,0.9393897,0.836549,0.854678,0.8113054,0.2216015,0.15636,0.7134244,0.6176244,0.8560644,0.8860875,0.932991,0.2712549,0.2240719,0.1957382,0.2278158
1180,0.5442359,0.5071838,0.8146917,0.2793284,0.311138,0.9350715,0.7504433,0.8847938,0.750643,0.81819,0.7843933,0.4881107,0.7101182,0.8601125,0.7511635,0.6529932,0.967528,0.8420366,0.9373915,0.833697,0.8520567,0.8091354,0.2218693,0.1563476,0.7166185,0.6208448,0.8537738,0.883053,0.9305758,0.262001,0.2141825,0.2039053,0.2373978
1185,0.5454183,0.5084771,0.8121889,0.2805458,0.3128326,0.9340529,0.7480616,0.8833812,0.7504922,0.8166258,0.7796689,0.4868549,0.7089031,0.8577688,0.7502362,0.6521657,0.9663725,0.8396774,0.9360482,0.8314709,0.8502882,0.8072349,0.2218953,0.1562488,0.7191741,0.6243197,0.8523179,0.8808643,0.9283766,0.2531486,0.2047913,0.2123927,0.2476499
1190,0.5469139,0.5100847,0.81143,0.2818305,0.3148741,0.9335096,0.7470458,0.8827553,0.7510461,0.8160887,0.778878,0.4860298,0.7088109,0.85702,0.7496067,0.6520585,0.9662263,0.838757,0.9351601,0.8303406,0.8497038,0.805943,0.2220192,0.1562742,0.7220196,0.6285687,0.851797,0.8796455,0.9272594,0.2448497,0.1960995,0.2211248,0.2587418
1195,0.548757,0.5122928,0.8124181,0.2833784,0.3177922,0.9337547,0.7474023,0.8829322,0.7525066,0.8166201,0.7804033,0.4855823,0.7098037,0.8574839,0.7498589,0.6529793,0.9667275,0.8393028,0.9352899,0.8303747,0.8503457,0.8059317,0.222324,0.1566499,0.7254161,0.6336575,0.8524126,0.8795383,0.9278153,0.2372169,0.1883725,0.2302417,0.2704303
1200,0.5510868,0.5146034,0.8139616,0.2853328,0.3208464,0.9343103,0.7487165,0.8836382,0.7542367,0.8179098,0.7810645,0.4851432,0.7113338,0.8586076,0.7506137,0.6543655,0.9674514,0.8403603,0.9356784,0.830864,0.8513944,0.8068265,0.2230907,0.1571185,0.729305,0.6388956,0.8534845,0.8800843,0.9294273,0.2304351,0.1812629,0.2398379,0.2822622
1205,0.5534431,0.5167807,0.8158346,0.2871855,0.3238771,0.9346178,0.7505659,0.8844516,0.755759,0.8195041,0.7838667,0.4843436,0.712822,0.8600479,0.7514428,0.6557975,0.9680476,0.8418018,0.9358291,0.8315461,0.8524063,0.8079448,0.2238603,0.1574659,0.7330789,0.6440101,0.8542982,0.8809565,0.9311391,0.2240733,0.1744684,0.249566,0.2941197
1210,0.5557311,0.5191315,0.8178514,0.2888079,0.3270411,0.9347462,0.7523246,0.8851126,0.757223,0.8211077,0.7901813,0.4839202,0.7144461,0.8616888,0.7521061,0.6575419,0.9683872,0.8432787,0.9358218,0.8322317,0.8534692,0.8088961,0.2244748,0.1581069,0.7365115,0.6491881,0.8550446,0.8820879,0.9327751,0.2179838,0.168344,0.2594217,0.3065031
1215,0.55777,0.5214063,0.8200657,0.2904255,0.3300964,0.9355458,0.7539956,0.8864354,0.7589869,0.822844,0.7960142,0.4833557,0.7162309,0.8640265,0.7529495,0.659387,0.9690239,0.8450446,0.9363481,0.8333763,0.8547238,0.8102933,0.2251213,0.1586173,0.7398531,0.6541924,0.8559873,0.8836403,0.9345843,0.2119902,0.1626284,0.2694981,0.3191313
1220,0.5598472,0.523875,0.8221308,0.2920623,0.3332478,0.9362702,0.755697,0.8879831,0.7605335,0.8243955,0.8012215,0.4829454,0.7180966,0.8664915,0.7541217,0.6614544,0.9697943,0.846783,0.9372095,0.8347096,0.8559394,0.8115321,0.2258158,0.1592908,0.7427922,0.6589459,0.857114,0.8852741,0.9362156,0.2065626,0.1573687,0.2797617,0.3318479
1225,0.5621828,0.52601,0.8237915,0.2939268,0.3361654,0.9368393,0.7572145,0.8892642,0.7617835,0.8259387,0.8050518,0.4822134,0.7197582,0.8688619,0.7556253,0.6631967,0.9702761,0.8481013,0.938237,0.8359452,0.8569692,0.8127611,0.2267227,0.1597654,0.7456601,0.6629968,0.8580562,0.8867409,0.9377137,0.2018291,0.1524076,0.29047,0.3444501
1230,0.5642436,0.5285783,0.8259323,0.2955624,0.3393832,0.9375952,0.7590573,0.8910844,0.7634394,0.8276381,0.8086238,0.4817142,0.7219301,0.8717586,0.7568532,0.6654601,0.9711186,0.850067,0.9395789,0.837732,0.8583159,0.8141952,0.2275726,0.1603275,0.7482735,0.6672176,0.8593767,0.8886483,0.9397442,0.1973098,0.147922,0.3011922,0.3576883
1235,0.5664655,0.5312173,0.8286517,0.2971532,0.3427395,0.9384114,0.761538,0.8924991,0.7651212,0.829933,0.811979,0.481173,0.7242212,0.8748016,0.7582022,0.6677285,0.9717031,0.852448,0.9406955,0.8395767,0.859851,0.8160704,0.2283344,0.1610971,0.750823,0.6716683,0.8607872,0.8908502,0.942353,0.1930393,0.1438342,0.312059,0.3712121
1240,0.5683839,0.5336096,0.8313261,0.2987634,0.3460134,0.938936,0.7635751,0.8937141,0.7665889,0.83165,0.8149644,0.480491,0.7264212,0.8775315,0.7592159,0.6699142,0.9722197,0.8546162,0.9414715,0.8412506,0.8613818,0.8175486,0.2292889,0.1616036,0.7532763,0.6759526,0.8620164,0.8927399,0.9443513,0.1890681,0.139933,0.3230839,0.3846458
1245,0.5703242,0.5355611,0.8328629,0.3001781,0.3488248,0.9389023,0.764752,0.894131,0.7673919,0.8326936,0.8167521,0.4794124,0.7276733,0.879416,0.7599936,0.6713328,0.9720393,0.8558787,0.941588,0.84209,0.8620077,0.8184217,0.2300833,0.1623378,0.7552299,0.679379,0.8624246,0.8937584,0.9455954,0.1855727,0.1363409,0.3340286,0.3977557
1250,0.5721326,0.5375519,0.8339634,0.3015418,0.3515229,0.9391981,0.7655843,0.8946747,0.7683517,0.8336937,0.8183521,0.4784692,0.7288371,0.8810778,0.7608821,0.6726255,0.9722834,0.8568176,0.9420719,0.8427931,0.8625833,0.8190547,0.2309663,0.1629998,0.7570719,0.6825095,0.8628631,0.8948046,0.9466486,0.1822645,0.1330338,0.3450913,0.4106979
1255,0.5735565,0.5393081,0.8342361,0.3028306,0.354076,0.9390384,0.7654926,0.8948036,0.7689652,0.8339663,0.8192286,0.47742,0.7294681,0.8820083,0.7614419,0.6734786,0.9719314,0.8568642,0.9418654,0.8428541,0.8624841,0.8190291,0.2317992,0.163821,0.7584039,0.6848544,0.8628386,0.8951194,0.9467231,0.1791893,0.1301198,0.3561657,0.4233714
1260,0.575176,0.5407457,0.8340974,0.3041772,0.3562475,0.9391234,0.7652284,0.8949921,0.7694719,0.8341689,0.8197589,0.4762394,0.7298186,0.8826483,0.7622529,0.6739887,0.9717726,0.8565432,0.9418696,0.8426857,0.8622521,0.8190359,0.2326833,0.1645845,0.7594995,0.6866213,0.8627647,0.8953084,0.9465597,0.176492,0.1274435,0.3672587,0.4355986
1265,0.5763237,0.5422032,0.8335823,0.305373,0.3581936,0.9388238,0.764629,0.8948588,0.7698301,0.8340414,0.8197769,0.4749363,0.7298964,0.8830309,0.7625164,0.6743398,0.9715075,0.8559277,0.9413964,0.8423471,0.8616286,0.8185476,0.2336027,0.1651191,0.7603215,0.687948,0.8623199,0.8951524,0.9462942,0.1739545,0.124972,0.3783055,0.4474725
1270,0.5780918,0.5443258,0.8342396,0.3068146,0.3608021,0.9391464,0.7648439,0.8953998,0.7708769,0.834666,0.8207088,0.4743235,0.7307917,0.8842599,0.7633814,0.6754197,0.9717744,0.8563766,0.9418685,0.8428453,0.8619375,0.8188488,0.2346793,0.1661815,0.7615905,0.6899511,0.8627688,0.8959287,0.9468858,0.1718502,0.1230886,0.3895209,0.4599555
1275,0.5796187,0.5460584,0.834474,0.3081768,0.3630391,0.9390637,0.7648032,0.8955702,0.7714252,0.8349943,0.8212659,0.4733861,0.7314165,0.8851399,0.7638907,0.6760993,0.9715691,0.8564161,0.9417781,0.8428738,0.8619177,0.8188345,0.2357538,0.1669666,0.7623397,0.6914876,0.8627461,0.8962985,0.9471272,0.1701706,0.1213169,0.4007514,0.4720878
1280,0.5812195,0.5477753,0.8349127,0.3095114,0.3654217,0.9391787,0.7650144,0.8957752,0.7721064,0.8354276,0.8218716,0.472483,0.7322375,0.8863122,0.7646481,0.6770061,0.9716318,0.8566062,0.9418654,0.8433089,0.8620884,0.8190689,0.2368948,0.1678219,0.7630603,0.6929982,0.8630283,0.8966468,0.9475697,0.1687154,0.1199737,0.4123168,0.4843839
1285,0.5826603,0.5498011,0.8358529,0.3107579,0.3680154,0.9393226,0.7655284,0.8961858,0.7729954,0.8361145,0.8227192,0.4715663,0.7333837,0.8877642,0.7656242,0.6780925,0.9719285,0.8572494,0.9421128,0.8440064,0.8626213,0.8196144,0.2379181,0.1689388,0.7636592,0.6945125,0.8634887,0.8974955,0.9486152,0.1673572,0.1189056,0.4239053,0.4970406
1290,0.5842564,0.551508,0.836958,0.3121909,0.3705673,0.9394748,0.7662434,0.896461,0.7738307,0.8369948,0.8234512,0.4706179,0.7344059,0.8892856,0.7663272,0.6791056,0.9719348,0.8580091,0.942211,0.8446115,0.8630257,0.820367,0.2391945,0.1698894,0.7642441,0.6957229,0.8639104,0.8981316,0.9497468,0.1664803,0.1179088,0.4357494,0.5095044
1295,0.5858295,0.5529071,0.8377408,0.3134884,0.3729329,0.9393742,0.7665931,0.8965306,0.7744406,0.8376341,0.8237869,0.46956,0.7350933,0.8902348,0.7671794,0.679844,0.9719239,0.8583958,0.9422349,0.8449509,0.8632591,0.8208686,0.2403959,0.1707669,0.764599,0.6967263,0.8642929,0.8985926,0.950431,0.1658485,0.1170807,0.4472584,0.521429
1300,0.5868258,0.5540996,0.8377541,0.3146572,0.3750817,0.9391399,0.7660121,0.8963016,0.7748477,0.8375274,0.8235391,0.4684686,0.735272,0.8905674,0.7676198,0.6801464,0.9715383,0.8581176,0.9418294,0.8446865,0.8630154,0.8204452,0.2414641,0.1718006,0.7645514,0.6971984,0.8639581,0.8984901,0.9501694,0.1653085,0.1165841,0.4583053,0.5326794
1305,0.5872414,0.5548327,0.8368922,0.3155929,0.3767493,0.9387382,0.7645214,0.8955884,0.7749766,0.8368095,0.8225982,0.4673032,0.7348917,0.8902038,0.7677184,0.6798874,0.9710503,0.8570336,0.9412156,0.8438888,0.8622301,0.8195167,0.2425878,0.1729003,0.76401,0.6967785,0.8632784,0.8977256,0.9491432,0.1648654,0.116307,0.4689798,0.5430197
1310,0.5877442,0.5554627,0.8355777,0.3168524,0.3784111,0.9384003,0.7629832,0.8947936,0.7751499,0.8360634,0.8214619,0.4663333,0.7343791,0.8895408,0.7681667,0.6795088,0.9706743,0.8556188,0.9406136,0.8429042,0.8611954,0.8186723,0.2439588,0.1741607,0.763806,0.6962374,0.8627418,0.8967111,0.9482161,0.1649493,0.1162886,0.4796619,0.5528133
1315,0.588185,0.5558335,0.8343164,0.3178745,0.3800507,0.9380596,0.7612735,0.8940722,0.7753916,0.8351847,0.8200878,0.465329,0.7338824,0.8886839,0.7682185,0.679168,0.9703919,0.85416,0.9403639,0.842019,0.8603698,0.817638,0.2452566,0.1752794,0.7635007,0.6957812,0.86221,0.8956023,0.9469993,0.1651156,0.1164845,0.4898301,0.5620747
1320,0.5901608,0.5575267,0.832486,0.3189278,0.3815266,0.9373028,0.7592069,0.8928308,0.7751909,0.8339937,0.8180314,0.4642057,0.7329383,0.8871645,0.7681975,0.6782614,0.9696305,0.8522238,0.9394984,0.8406793,0.8591801,0.816313,0.2467034,0.1765295,0.7628216,0.6945939,0.8612065,0.8939584,0.9456025,0.1656231,0.1168281,0.4994718,0.5704501
1325,0.5912081,0.5590373,0.8300001,0.3198921,0.3825368,0.9364165,0.756246,0.8911463,0.7748669,0.8321689,0.8151326,0.4629643,0.7313908,0.8848311,0.767783,0.6769064,0.9687328,0.8495139,0.9383629,0.8387486,0.8573929,0.8143169,0.2478804,0.1776916,0.7616453,0.692645,0.8599085,0.8916383,0.9434247,0.1658921,0.1173112,0.5080748,0.5775421
1330,0.591202,0.5593217,0.827051,0.320692,0.3833041,0.9358118,0.7522695,0.8894744,0.7746058,0.8296512,0.8118091,0.4617356,0.7296602,0.8823029,0.7672272,0.6751946,0.9684479,0.8464017,0.937536,0.8366473,0.8557016,0.8117597,0.2493014,0.1788816,0.7600597,0.690414,0.8587893,0.8890654,0.940298,0.1664624,0.1177821,0.5157644,0.5832657
1335,0.5906449,0.5587442,0.8234186,0.3216571,0.3837086,0.9352282,0.7479578,0.8873535,0.7743021,0.826973,0.8075339,0.46068,0.7275076,0.8790284,0.7668925,0.672912,0.9680407,0.8428286,0.936647,0.8340582,0.8535818,0.8089925,0.2507143,0.1800457,0.7587082,0.6876464,0.8573174,0.8859836,0.9369837,0.1672249,0.1182504,0.5223171,0.5876642
1340,0.5909185,0.5581867,0.8185899,0.3223993,0.383712,0.9339621,0.742726,0.8845546,0.7732583,0.823476,0.8016121,0.4594017,0.7244568,0.8743366,0.7660995,0.6700169,0.9671476,0.838175,0.9349176,0.8305867,0.8505909,0.8054252,0.252162,0.1811834,0.7568759,0.6840754,0.8551759,0.8819881,0.9328833,0.1680104,0.1188232,0.5268443,0.5894381
1345,0.5929701,0.5600196,0.8128028,0.3230816,0.3835427,0.9324586,0.7368633,0.881303,0.772033,0.8195,0.7942501,0.4580561,0.7209839,0.8688505,0.7652211,0.6666702,0.9660798,0.8328948,0.933091,0.8266622,0.8472793,0.8014633,0.2535944,0.1826443,0.7545395,0.6797521,0.8527993,0.8774365,0.9284563,0.1687142,0.1196526,0.5288701,0.5888254
1350,0.5931537,0.5603937,0.805738,0.3235875,0.3827703,0.9299083,0.7298449,0.8772284,0.7701407,0.8144177,0.7851602,0.4564298,0.7165611,0.8622824,0.7635378,0.6627169,0.9645898,0.8266363,0.930131,0.8216932,0.8431755,0.7964701,0.2548206,0.1838384,0.7498794,0.6730567,0.8495257,0.8720671,0.9227965,0.1693017,0.1203016,0.5304424,0.586166
1355,0.5925438,0.5597715,0.7981122,0.3237608,0.3815869,0.9262751,0.722127,0.8725711,0.767509,0.8086032,0.7752213,0.45441,0.7113272,0.8549975,0.7606828,0.6581721,0.962134,0.8201262,0.9263422,0.8158553,0.8382858,0.7906051,0.2559435,0.185146,0.7440406,0.6649083,0.845391,0.8661428,0.9163541,0.169722,0.1207309,0.5371421,0.5887559
1360,0.591574,0.5591037,0.7906102,0.3237172,0.3806477,0.9227249,0.7145618,0.8679997,0.7650468,0.8028436,0.7653342,0.4524741,0.7061327,0.8477003,0.7568086,0.6539158,0.9595199,0.81399,0.9226607,0.8101724,0.8333323,0.7844079,0.2568315,0.1864643,0.7394241,0.6592245,0.8412635,0.8604646,0.9092288,0.1700498,0.121137,0.5410756,0.5902569
1365,0.5925814,0.5593181,0.7849892,0.3251092,0.3802194,0.9218361,0.7095955,0.865443,0.7644504,0.7997401,0.7573637,0.4516174,0.7024472,0.8426187,0.756453,0.6507122,0.9590107,0.8091867,0.9211244,0.8059217,0.830274,0.7808622,0.2590291,0.1882245,0.7390456,0.6561207,0.8390698,0.856418,0.9051179,0.1709227,0.1217093,0.5465111,0.5914663
1370,0.5925636,0.5588901,0.7788225,0.3257652,0.3795255,0.9198828,0.7042941,0.8617376,0.7627876,0.7961397,0.7497035,0.4500311,0.6982119,0.8369659,0.7547742,0.6471776,0.9569674,0.8040144,0.9184892,0.8014425,0.8263353,0.7766894,0.2608597,0.1896168,0.7366558,0.6519507,0.8359265,0.8518936,0.9001567,0.1712191,0.1219396,0.549722,0.5913631
1375,0.5926122,0.5590712,0.7744031,0.3263516,0.3795795,0.9188515,0.6998996,0.8586923,0.761824,0.7932715,0.7426828,0.448817,0.6947018,0.8325878,0.7541665,0.6445407,0.9552677,0.799877,0.9167049,0.7984167,0.8234751,0.7739035,0.2624127,0.1912813,0.7334772,0.6474173,0.8336816,0.8481921,0.8964111,0.1713076,0.1221632,0.5536051,0.5920644
1380,0.5908315,0.5583733,0.7688687,0.3257672,0.3787077,0.9163756,0.6916775,0.8546275,0.7599708,0.7870537,0.7360843,0.4473835,0.6903263,0.8270745,0.7503587,0.6406075,0.9537706,0.7950832,0.9143668,0.7941672,0.8200462,0.7678526,0.2633421,0.1928823,0.7249226,0.6397265,0.830834,0.843894,0.8884341,0.1705936,0.1217266,0.5575479,0.5937667
1385,0.5911369,0.557166,0.7612096,0.3272345,0.3768799,0.9162633,0.6833127,0.8503675,0.7588481,0.7824593,0.7284293,0.4465881,0.6845631,0.8199836,0.7517974,0.6354041,0.9537649,0.7878259,0.9136065,0.7889658,0.8162994,0.7629786,0.2661157,0.1948713,0.7185243,0.627827,0.8284672,0.8379834,0.8827232,0.1704621,0.1214034,0.5655233,0.5944881
1390,0.5878766,0.5535793,0.7484258,0.3269594,0.3727168,0.9136132,0.6694685,0.8428603,0.7550917,0.7731248,0.715501,0.4444792,0.6746735,0.8071115,0.7486041,0.6264701,0.9505146,0.7764802,0.9097196,0.7797657,0.8084012,0.7534557,0.2675617,0.1964208,0.700416,0.6050344,0.8225026,0.8280567,0.8700368,0.1694025,0.1203938,0.5678527,0.5899634
1395,0.5846976,0.5487996,0.7348002,0.3267184,0.3678406,0.9109082,0.6545871,0.8348274,0.7513582,0.7631291,0.7017998,0.4422826,0.663826,0.7927017,0.7459388,0.6160763,0.9482043,0.7647322,0.9061163,0.7700208,0.8009687,0.7435012,0.2691598,0.1977484,0.6845872,0.579299,0.8168592,0.8165249,0.857385,0.1680989,0.1186508,0.5685333,0.5827427
1400,0.5802057,0.5431844,0.7191048,0.3262483,0.3622476,0.9080347,0.6375592,0.8249327,0.7474413,0.7514111,0.6850315,0.4403155,0.6511359,0.7752509,0.7414989,0.6038616,0.9456934,0.7511338,0.902133,0.7583967,0.7926953,0.731558,0.270882,0.1992095,0.6824172,0.5708399,0.8106327,0.8031808,0.842177,0.166382,0.1168424,0.5686008,0.5744829
1405,0.5753562,0.536307,0.7007906,0.3256765,0.3556371,0.904454,0.6187245,0.8136613,0.7429607,0.7384522,0.6646041,0.4382412,0.6363122,0.7544694,0.7365524,0.5895672,0.9428747,0.7359152,0.8968889,0.744891,0.7831772,0.7181821,0.2726318,0.200808,0.6763834,0.5564464,0.8036387,0.7878157,0.8253924,0.1645563,0.1146669,0.5665191,0.563498
1410,0.5714094,0.5290575,0.681073,0.3258555,0.348658,0.9014115,0.5999295,0.8018441,0.7388599,0.7254526,0.642071,0.4365423,0.6199845,0.7314662,0.7326878,0.5740231,0.9405555,0.720098,0.8915622,0.7301395,0.7735791,0.7047991,0.2749344,0.2023404,0.6681699,0.5424692,0.7964998,0.7713127,0.8089381,0.1629618,0.112495,0.5626428,0.5497347
1415,0.5686131,0.52248,0.6606428,0.3256314,0.3413164,0.897382,0.5811532,0.7895209,0.7341683,0.712087,0.6187346,0.4344451,0.6034743,0.7072771,0.7274176,0.5575168,0.9376063,0.7038705,0.8847325,0.7143533,0.7634765,0.6908722,0.2769976,0.2036146,0.6512891,0.5087546,0.7888345,0.7540449,0.7921509,0.1610753,0.1100695,0.5549698,0.5332824
1420,0.5693284,0.5196748,0.6420095,0.325788,0.3350952,0.8940455,0.5642208,0.7782605,0.730392,0.6997744,0.5968331,0.4329554,0.5896304,0.6846149,0.7228336,0.5422469,0.9349806,0.6892555,0.877206,0.6997075,0.7546405,0.6781322,0.2790633,0.2052072,0.6752719,0.5228272,0.7823606,0.7380767,0.7771219,0.1592889,0.1078301,0.5459657,0.5168502
1425,0.5697148,0.5170435,0.6260411,0.3261024,0.3301807,0.8911128,0.5499743,0.7682923,0.7274399,0.6894269,0.5776585,0.4318396,0.5777944,0.6648074,0.7196874,0.5295128,0.9328641,0.6766586,0.8668866,0.6865339,0.7474953,0.6673732,0.2812751,0.2069714,0.6780981,0.517069,0.777162,0.723884,0.7647119,0.1575123,0.1058051,0.538421,0.5029494
1430,0.5700913,0.5145915,0.6131097,0.3264545,0.3262548,0.8887423,0.5384418,0.7612669,0.7251104,0.6809267,0.5620285,0.4306567,0.568071,0.6483936,0.7180687,0.5193661,0.9310331,0.6663054,0.8555581,0.6751751,0.7416234,0.6586961,0.283325,0.2085507,0.677421,0.5087206,0.7728223,0.7120887,0.7546729,0.1555431,0.1037473,0.5295123,0.490398
1435,0.5696031,0.5122597,0.6024801,0.3271172,0.3233671,0.8862404,0.5290332,0.7565725,0.7231465,0.6738935,0.5498333,0.4296026,0.5601146,0.6349888,0.7166556,0.5114363,0.9291464,0.6578668,0.8465559,0.6658772,0.7366695,0.6513007,0.2854468,0.2103312,0.67612,0.5014362,0.7691931,0.7025767,0.7463342,0.1535679,0.1018541,0.5178248,0.4773469
1440,0.569577,0.5103828,0.5940957,0.3280575,0.3212816,0.8839126,0.5221367,0.7536367,0.7216333,0.6689644,0.5406823,0.4285321,0.553912,0.6246719,0.7162114,0.5056822,0.9279305,0.6514434,0.8395702,0.6586713,0.7327885,0.6460075,0.2880181,0.2120955,0.6754454,0.4959286,0.7663077,0.6958266,0.740258,0.152046,0.1000259,0.5058925,0.4650984
1445,0.568964,0.5088699,0.5874522,0.3290597,0.3199257,0.8821679,0.5166778,0.7518913,0.7206548,0.6649497,0.5344453,0.4276684,0.5491788,0.6170148,0.7154791,0.5017205,0.9270302,0.6467394,0.8334947,0.6529989,0.7296911,0.6415716,0.2904389,0.2140903,0.6745663,0.4920106,0.7641932,0.6912479,0.735118,0.150235,0.09835359,0.4928456,0.4535205
1450,0.568049,0.5074912,0.5819976,0.3299948,0.3191423,0.8817552,0.5126356,0.7509024,0.7198993,0.6620299,0.5304252,0.4269104,0.545436,0.6118309,0.7149323,0.4992845,0.9262726,0.643391,0.8346949,0.6497398,0.7271535,0.6381254,0.2929043,0.2162503,0.673662,0.4891344,0.762206,0.6882931,0.7307996,0.1486449,0.09687036,0.4812097,0.4433357
1455,0.565634,0.5054438,0.5772662,0.3307268,0.3184639,0.881678,0.5091617,0.7502559,0.7191849,0.65949,0.5275306,0.4262801,0.5421718,0.6077774,0.7139015,0.4974544,0.9256256,0.6407267,0.8444371,0.6483155,0.7248703,0.6348846,0.2951137,0.2184392,0.6725224,0.4870028,0.7604614,0.6865511,0.7266529,0.1468242,0.09539628,0.4727989,0.4354245
1460,0.5633173,0.503122,0.5729445,0.3318397,0.3181295,0.8814223,0.5063692,0.7497113,0.7187371,0.6575963,0.5255975,0.4257923,0.5391095,0.6045758,0.7128587,0.4965428,0.9252421,0.6386541,0.8538071,0.6470599,0.7228456,0.6322404,0.2975682,0.2208516,0.6714392,0.4853994,0.7590252,0.6855527,0.7231426,0.1453843,0.0941367,0.4747626,0.4342524
1465,0.5587914,0.499412,0.568413,0.3324082,0.3174769,0.8801503,0.5034435,0.7485751,0.7176869,0.6553584,0.5237762,0.4247687,0.5359325,0.6014972,0.7111812,0.4955255,0.9240375,0.6363297,0.8583472,0.644719,0.7202294,0.6292564,0.299547,0.222878,0.6696892,0.4836343,0.757024,0.6844494,0.7192333,0.1438112,0.09280061,0.4834734,0.4389701
1470,0.552357,0.4940722,0.5649465,0.3333685,0.3173304,0.8794018,0.5016304,0.7484086,0.7174597,0.6540837,0.5233933,0.4242499,0.5337199,0.5998284,0.7100512,0.4957132,0.923403,0.6351763,0.8604503,0.6428332,0.7183572,0.6270472,0.3019227,0.2252434,0.6686945,0.4829475,0.7556306,0.6846754,0.7161245,0.1425336,0.09169644,0.4927324,0.4448096
1475,0.5432998,0.4866638,0.5618325,0.3343206,0.3172889,0.8786519,0.5001653,0.7486581,0.7171332,0.6530928,0.5236158,0.4236041,0.5317565,0.5988828,0.7091564,0.4966356,0.9229248,0.634318,0.8611681,0.641094,0.716561,0.6250676,0.3043118,0.2274872,0.6676329,0.4827522,0.7542517,0.685544,0.7133847,0.1413301,0.09057638,0.4992353,0.4491714
1480,0.5325229,0.4776734,0.5594136,0.3352687,0.3176478,0.8778443,0.4994775,0.7493474,0.7166224,0.6527171,0.524766,0.4230257,0.5304365,0.5988806,0.7085364,0.4981503,0.9221251,0.6339479,0.8612289,0.6399635,0.7148311,0.6237272,0.3066404,0.2299193,0.6666514,0.4832128,0.7529761,0.6871448,0.7114844,0.1402085,0.08975297,0.5020819,0.4516283
1485,0.5207339,0.4680154,0.5585369,0.3361339,0.3188466,0.8769244,0.4999013,0.750447,0.7162868,0.6531309,0.5272751,0.4228078,0.5302606,0.6002328,0.7082151,0.500487,0.9209172,0.6345289,0.861112,0.6400163,0.7136828,0.6232969,0.3089096,0.2327176,0.6659126,0.4846413,0.7519986,0.6896127,0.7107496,0.1391824,0.08932993,0.5035589,0.4537386
1490,0.5103545,0.4588091,0.5592162,0.33739,0.3203833,0.8766243,0.5016834,0.752009,0.7164267,0.6547238,0.5306051,0.4225199,0.5311748,0.6027216,0.7084842,0.5033196,0.9203461,0.6360572,0.8614385,0.6410955,0.7133924,0.6241285,0.3114485,0.2353063,0.6659821,0.4868204,0.7516651,0.6928012,0.7117227,0.1384898,0.08879066,0.5075782,0.4575065
1495,0.5062736,0.4548358,0.560714,0.3386963,0.3225139,0.8766696,0.5042133,0.7537183,0.716766,0.6568434,0.5345827,0.4222935,0.5328977,0.6058873,0.7092195,0.5064777,0.9198027,0.6379747,0.8616612,0.642861,0.7137215,0.6256772,0.3139296,0.2379044,0.6663219,0.4894482,0.7517798,0.6959647,0.7135723,0.1380579,0.08849414,0.5136981,0.4630138
1500,0.5055425,0.454702,0.5631751,0.3400234,0.3250346,0.8774686,0.5073999,0.7559446,0.7176646,0.6594607,0.5391593,0.422192,0.535424,0.6098375,0.7103408,0.5099549,0.9200195,0.6404023,0.8624437,0.6453459,0.714805,0.627968,0.3165933,0.2405627,0.6672018,0.4925646,0.752609,0.699437,0.7163374,0.1376625,0.0883176,0.5211043,0.4696304
1505,0.5211915,0.4671174,0.56585,0.3412454,0.3276083,0.8778096,0.510727,0.7576423,0.7183868,0.6618906,0.5435997,0.4219559,0.5381156,0.6136379,0.7112908,0.5131143,0.9198247,0.6427352,0.8629093,0.6478226,0.7157851,0.6303152,0.3189761,0.2432408,0.66804,0.49565,0.7532936,0.7026671,0.7193056,0.1374353,0.08819646,0.5282398,0.4761819
1510,0.5422296,0.4883899,0.5687984,0.3425993,0.3303355,0.8783247,0.5141223,0.7593932,0.7193271,0.6646094,0.5479332,0.4218153,0.5410453,0.6175711,0.7125129,0.5163181,0.9198536,0.6451561,0.8636066,0.650565,0.7170006,0.632952,0.3214397,0.2458463,0.6691182,0.498757,0.7541721,0.705749,0.7226326,0.1372522,0.08819501,0.5347747,0.4823409
1515,0.5537304,0.5015202,0.5717461,0.3437133,0.3330062,0.8789296,0.5169197,0.761103,0.7205316,0.666761,0.5519948,0.4217995,0.5438967,0.6212451,0.7132795,0.5192554,0.9201875,0.6475,0.864496,0.6530311,0.7183335,0.6350151,0.3237644,0.2485172,0.669669,0.5016669,0.755193,0.7084948,0.7251341,0.1371961,0.08832346,0.5395895,0.4874005
1520,0.5616037,0.5095388,0.5741905,0.3449312,0.3354295,0.8797662,0.5194017,0.7627371,0.7219977,0.6687427,0.5554669,0.4218861,0.5464412,0.624428,0.7141725,0.5218664,0.9211519,0.6495523,0.8655839,0.6552668,0.7199312,0.636972,0.3261452,0.2511205,0.6704481,0.5042597,0.7566897,0.7109991,0.72743,0.1372638,0.08838212,0.5430816,0.4911182
1525,0.5696588,0.5173672,0.5763119,0.346454,0.3377371,0.8801826,0.5218421,0.7637906,0.7233403,0.6706886,0.5582553,0.4219013,0.5486186,0.6270142,0.714956,0.5241779,0.9217547,0.6512681,0.8662075,0.6569794,0.7212476,0.6388389,0.3288717,0.2538313,0.6715386,0.506543,0.7579035,0.7129074,0.7299705,0.1375152,0.08863337,0.545778,0.493902
1530,0.5767152,0.5246498,0.5794182,0.3479822,0.3406207,0.8808154,0.5249361,0.7650114,0.7251875,0.6730291,0.5612783,0.4223211,0.5513766,0.6299736,0.7157037,0.5267316,0.9225411,0.6535207,0.8669392,0.659154,0.7232149,0.6412361,0.3316638,0.2568465,0.6730015,0.5092875,0.7595165,0.7149079,0.7335269,0.1379227,0.08920158,0.5475064,0.4966195
1535,0.5822989,0.5304886,0.5832094,0.3493921,0.3437603,0.8811387,0.5284402,0.7659005,0.72706,0.6755579,0.5642571,0.4226809,0.5545313,0.6329322,0.7160329,0.5291882,0.9229531,0.6558068,0.867296,0.6614987,0.7253765,0.6440762,0.33452,0.2599183,0.674294,0.5120809,0.7611067,0.7165133,0.7374136,0.1385124,0.08985548,0.5484461,0.4990437
1540,0.5872289,0.5354307,0.5873348,0.3507629,0.346827,0.8816599,0.5319523,0.7666211,0.7289739,0.678071,0.5669766,0.422811,0.5577421,0.6358852,0.7164183,0.5313315,0.9234008,0.6579983,0.867763,0.663835,0.7274973,0.6469351,0.3374895,0.2630042,0.6755659,0.5147324,0.7627327,0.7179039,0.7411429,0.1391611,0.09044225,0.549686,0.5014465
1545,0.5915477,0.5396957,0.5909685,0.3522051,0.3496452,0.8823464,0.5350071,0.767175,0.7306303,0.6802284,0.56924,0.4228853,0.5605913,0.6385361,0.7171704,0.5330685,0.9240113,0.6598415,0.8684154,0.6659598,0.7292972,0.6493672,0.3406772,0.2662816,0.6767083,0.5170186,0.7642834,0.7190679,0.7443805,0.1399345,0.09112533,0.5514761,0.5037798
1550,0.595193,0.5434934,0.5936668,0.3535826,0.3521833,0.8832712,0.5371562,0.7678118,0.7320592,0.6818389,0.5710295,0.4231212,0.5629545,0.6407207,0.7183488,0.5344958,0.9249309,0.6613368,0.869279,0.6677754,0.7307864,0.6510911,0.3440728,0.2699509,0.6774424,0.5188535,0.7656009,0.7201407,0.7468265,0.1406947,0.09200026,0.5536159,0.5059476
1555,0.5980881,0.5465633,0.5950737,0.354735,0.3541366,0.8837497,0.5384411,0.767947,0.7328271,0.682792,0.5720346,0.4231122,0.5644556,0.6420326,0.719278,0.5354054,0.9253296,0.6620981,0.8697358,0.6688733,0.7314448,0.6520897,0.3474748,0.2736843,0.6775923,0.5198967,0.7661632,0.7207368,0.7482724,0.141511,0.0928356,0.5557748,0.5076739
1560,0.6012571,0.549614,0.5968217,0.3562296,0.3561885,0.8846241,0.5404652,0.7685587,0.7339507,0.6844456,0.5734357,0.4232042,0.5662704,0.6437922,0.7205287,0.5367205,0.9260262,0.6632262,0.8706575,0.6703905,0.7324054,0.6538207,0.3512449,0.2775025,0.6784029,0.5212375,0.7671353,0.7219121,0.7505409,0.1426339,0.09368722,0.5593443,0.5103312
1565,0.6032643,0.5518837,0.5986191,0.3571239,0.3581288,0.8841945,0.5423083,0.7682694,0.7342579,0.6855914,0.5746188,0.4228013,0.5678353,0.6452492,0.7202919,0.5377184,0.9252329,0.6639718,0.8701609,0.6714399,0.7327754,0.6550273,0.3542064,0.2808193,0.6784459,0.5224489,0.7672762,0.7224146,0.7524534,0.1434386,0.0945076,0.5626972,0.5133605
1570,0.6059056,0.5550536,0.6021338,0.35857,0.361095,0.8851211,0.5454723,0.7692604,0.7358962,0.6880699,0.5772779,0.4231976,0.5708002,0.6482788,0.7211074,0.5400455,0.9257964,0.6662972,0.8709326,0.6739987,0.7347487,0.6576561,0.3575313,0.2844967,0.6796288,0.5250606,0.7687743,0.7244035,0.7560425,0.1445419,0.09554501,0.5665963,0.5176057
1575,0.6081016,0.5578275,0.6054395,0.3597974,0.3640079,0.8854429,0.548439,0.7698715,0.7371172,0.6900812,0.5798635,0.42337,0.5735883,0.651173,0.7215412,0.5422769,0.9257957,0.6684029,0.8711978,0.6761703,0.7363061,0.6599236,0.3606625,0.288081,0.6803015,0.5275494,0.7698403,0.7262075,0.7591222,0.1457155,0.09658621,0.5698522,0.5214376
1580,0.6105808,0.5607929,0.6087133,0.3612652,0.3669218,0.8863409,0.5514694,0.7709616,0.7387799,0.692463,0.5827622,0.4237723,0.5765058,0.6543038,0.722302,0.5447464,0.9264669,0.6708398,0.8719862,0.6784911,0.7380735,0.6622945,0.3641004,0.2919568,0.6812953,0.5301896,0.7713525,0.728503,0.7621388,0.1469402,0.09772015,0.573625,0.5254267
1585,0.6124185,0.5629796,0.6112256,0.3624093,0.369316,0.886255,0.5540274,0.7711222,0.7395592,0.694232,0.5850524,0.4235643,0.5786785,0.656725,0.7226305,0.5465606,0.9261082,0.6724904,0.8718842,0.6801238,0.7389691,0.6640327,0.3673209,0.2955191,0.6816233,0.5321614,0.7718171,0.730023,0.7644092,0.1479958,0.09868856,0.5782973,0.5295371
1590,0.6152515,0.5662208,0.6154789,0.3639073,0.3727971,0.8871709,0.5581427,0.7724363,0.7413607,0.6974825,0.588785,0.4240334,0.5823852,0.6609015,0.7241755,0.5495875,0.926792,0.6755414,0.8730587,0.6834182,0.7412727,0.6673174,0.3710193,0.2997918,0.68308,0.5354618,0.7735267,0.7327939,0.7688245,0.1492159,0.09990426,0.5853986,0.5360855
1595,0.6180208,0.5694562,0.62078,0.3652527,0.3767287,0.8876438,0.5631031,0.7735305,0.742832,0.7010878,0.5929968,0.4242147,0.5868034,0.6657531,0.7255436,0.5527889,0.9267867,0.6788248,0.8737653,0.6872465,0.7436614,0.6712617,0.3746188,0.3040212,0.6846249,0.5392547,0.7752938,0.7355376,0.7740517,0.1503659,0.1010647,0.5921501,0.5430481
1600,0.6212327,0.57321,0.6275527,0.3668042,0.3812271,0.8887595,0.5692103,0.7751083,0.744744,0.7055764,0.5980915,0.4244872,0.5922145,0.6716411,0.7275339,0.5565895,0.9272358,0.6830207,0.8750408,0.6922171,0.7468617,0.6762428,0.3784686,0.3084062,0.686766,0.5438561,0.7776443,0.7388869,0.7804537,0.1515317,0.1021967,0.59843,0.5502131
1605,0.6242015,0.5770983,0.6349707,0.3683597,0.3860396,0.8897303,0.575478,0.7767737,0.7467858,0.7101869,0.6036153,0.4248822,0.59805,0.6781403,0.7295139,0.5606408,0.9276053,0.6876041,0.8764599,0.6975061,0.7502989,0.6812879,0.3823729,0.3130957,0.6888624,0.5488188,0.7800708,0.7424365,0.7872037,0.1525764,0.1033783,0.6037338,0.5572488
1610,0.6268129,0.5806715,0.6421342,0.369729,0.3909138,0.8905096,0.5813601,0.7782819,0.7486126,0.7143919,0.6088154,0.425322,0.603575,0.684381,0.7314016,0.5646608,0.9276946,0.6919264,0.8776371,0.7025812,0.7535852,0.6860619,0.3860973,0.3179269,0.6906497,0.5536702,0.7823213,0.7459772,0.7934608,0.1535537,0.1046372,0.6084635,0.5639195
1615,0.6299394,0.5845888,0.6489055,0.3712102,0.3955311,0.8917867,0.5870346,0.7800921,0.7505795,0.718648,0.6135297,0.425892,0.6088111,0.6903827,0.7333961,0.5687335,0.9282913,0.6962614,0.8791143,0.7075326,0.7568443,0.6907579,0.3900073,0.3227078,0.692468,0.5583698,0.7847321,0.7497865,0.7992624,0.1545162,0.1057518,0.6136525,0.5706265
1620,0.6329681,0.5884359,0.6550831,0.372751,0.3998675,0.8929046,0.5922897,0.7816015,0.7522076,0.7226486,0.6174432,0.4262576,0.6133296,0.6959535,0.7353234,0.5723656,0.9285551,0.700251,0.8804063,0.7120792,0.7597584,0.6950324,0.393921,0.3275383,0.6940606,0.5626853,0.7868298,0.7533532,0.8045783,0.1553602,0.1067361,0.6172653,0.5762012
1625,0.6350648,0.5912611,0.6599994,0.3739817,0.4036379,0.8929738,0.5966438,0.7824607,0.7532062,0.7257011,0.6198566,0.4261634,0.6167885,0.7004356,0.7365577,0.5754778,0.9281845,0.7033237,0.8808542,0.7156531,0.7617159,0.6984984,0.3975209,0.3320332,0.6952593,0.5661895,0.7881246,0.7560394,0.8090745,0.1560063,0.1075164,0.618582,0.5800032
1630,0.6373941,0.5942783,0.664812,0.3752766,0.40734,0.8934048,0.600895,0.7835829,0.7545558,0.7288979,0.6218777,0.4265553,0.6201545,0.704798,0.7380273,0.5787746,0.928153,0.7066095,0.8816611,0.7190804,0.7639062,0.7018672,0.4014403,0.3369293,0.6965113,0.5699172,0.7897211,0.7589835,0.8130959,0.1565004,0.1082744,0.6196283,0.583478
1635,0.639429,0.596681,0.6682951,0.3761821,0.4103054,0.8930939,0.6043229,0.7834744,0.7550613,0.7311733,0.6225501,0.4263567,0.6226884,0.7078065,0.7386562,0.5810665,0.9274069,0.7089275,0.8816147,0.7215722,0.7651057,0.7041975,0.4049092,0.3414847,0.6969454,0.5725807,0.7903204,0.761099,0.8160604,0.1568586,0.108654,0.6206448,0.5862989
1640,0.6412956,0.599208,0.6713929,0.3770614,0.4133219,0.8930991,0.6071458,0.7834058,0.7557135,0.7330481,0.6223999,0.426267,0.6252946,0.7106723,0.7392394,0.5833949,0.9269232,0.7112571,0.8818548,0.7239527,0.7664173,0.7062566,0.4083658,0.3461827,0.6972914,0.5751597,0.7910389,0.7632666,0.8188971,0.1570667,0.1090534,0.6221278,0.589378
1645,0.6426487,0.6013297,0.6736627,0.3779097,0.415722,0.8926396,0.6094014,0.7826113,0.7558901,0.7345444,0.6200736,0.4258419,0.6271726,0.7126117,0.7397745,0.5850154,0.9260305,0.7129762,0.8814976,0.7257285,0.7669816,0.7077051,0.4117594,0.3505197,0.6972486,0.5768857,0.7911903,0.7649071,0.8208122,0.1572151,0.1092244,0.6222007,0.5912158
1650,0.6438308,0.6030487,0.674948,0.3786518,0.4176599,0.892139,0.6111064,0.7817018,0.7558894,0.7356964,0.6152388,0.4253907,0.6272565,0.7141064,0.7402115,0.58648,0.9252232,0.7140184,0.880929,0.7270821,0.7670016,0.7086039,0.4152307,0.3547963,0.6969653,0.5781364,0.7908292,0.7660003,0.8221834,0.1572996,0.109492,0.6193123,0.590807
1655,0.6443861,0.6043014,0.6756048,0.3789404,0.4192919,0.8914201,0.6115993,0.7803935,0.7554797,0.7358924,0.6087511,0.4251475,0.6247902,0.7148542,0.7400869,0.5876667,0.9238694,0.7143592,0.8802627,0.727854,0.7667394,0.7086626,0.4185159,0.3592919,0.6958718,0.5790289,0.7903152,0.7665133,0.8219662,0.1569632,0.1098172,0.6069391,0.5844299
1660,0.6440409,0.6047598,0.6748695,0.3789906,0.4196356,0.8901618,0.610761,0.7788182,0.7543344,0.7351259,0.5996916,0.4244286,0.6214915,0.7142748,0.7394645,0.587425,0.9216717,0.7137334,0.8789463,0.7273988,0.765497,0.707716,0.4211387,0.3630348,0.6939929,0.5784265,0.7889435,0.7665119,0.8204734,0.1565759,0.1094916,0.5637625,0.5593046
1665,0.6414669,0.6037189,0.6709378,0.3776217,0.4182667,0.8872179,0.6069322,0.7760319,0.7511027,0.7314751,0.5861121,0.4228871,0.6159667,0.7112063,0.7364368,0.585451,0.9179699,0.7103901,0.8753587,0.7248977,0.7616583,0.703859,0.4225664,0.3660665,0.6894298,0.5757433,0.7852696,0.7641529,0.814883,0.1555299,0.1092644,0.5111679,0.5198273
1670,0.6363305,0.601194,0.6635869,0.3744724,0.4145694,0.8838328,0.59905,0.7721678,0.7467166,0.7249742,0.5717462,0.4202534,0.6074898,0.7053251,0.7309768,0.5814824,0.9137577,0.7050284,0.8715293,0.7198877,0.7561588,0.6968495,0.4224995,0.3678707,0.6821126,0.5701151,0.7803916,0.7601031,0.8049519,0.1537953,0.1081844,0.5423118,0.534747
1675,0.628346,0.5963812,0.6521893,0.3701756,0.4084293,0.8787293,0.5875006,0.7658014,0.7403665,0.7147094,0.5553867,0.4165629,0.5983876,0.6959307,0.7223109,0.5751157,0.9079573,0.696503,0.8659327,0.7125547,0.7479302,0.6856194,0.4209122,0.3683476,0.6720502,0.5615052,0.7733189,0.7536504,0.7902938,0.1525026,0.1076495,0.5296931,0.5296718
1680,0.6199141,0.5897684,0.6382468,0.365252,0.4011241,0.8708374,0.5766444,0.7563673,0.7307247,0.7044452,0.5350987,0.4114003,0.5878685,0.6841342,0.711904,0.5667578,0.8999197,0.6862742,0.857424,0.7031544,0.7367836,0.6746206,0.4192403,0.3679567,0.6611241,0.5508507,0.7629961,0.7449294,0.7750356,0.1518048,0.107526,0.4983764,0.5036508
1685,0.6115083,0.5838479,0.6261672,0.3612719,0.3953766,0.8617342,0.5674005,0.7454324,0.7226327,0.694703,0.5174867,0.4079031,0.5794354,0.6722816,0.698688,0.560739,0.890699,0.6773462,0.8475633,0.6954892,0.7273825,0.6636904,0.4172301,0.3684083,0.6504444,0.542272,0.7540358,0.736693,0.7597939,0.1544945,0.1105315,0.5081046,0.5031869
1690,0.6003935,0.5744584,0.6124577,0.3554579,0.3882031,0.8472306,0.5593261,0.7318144,0.7104455,0.6842299,0.498646,0.3993006,0.5692899,0.6583347,0.6821897,0.5525903,0.8768709,0.6671367,0.8325902,0.6856241,0.7144824,0.6534311,0.4128227,0.3649401,0.6385981,0.5320109,0.7412097,0.7250607,0.7454268,0.1581127,0.1124365,0.5262313,0.5137043
1695,0.5895416,0.5652901,0.6008568,0.3496504,0.3822071,0.8330221,0.5541302,0.717918,0.6983673,0.6741769,0.4842874,0.3920719,0.5593669,0.6451429,0.662732,0.5444968,0.8615823,0.6584657,0.8168001,0.6761914,0.702985,0.6427385,0.4080498,0.3615824,0.6260074,0.5231495,0.7291211,0.715062,0.7284633,0.1665304,0.1172006,0.5237151,0.5108004
1700,0.5766449,0.5545178,0.5872815,0.343543,0.3756567,0.8158779,0.547595,0.7029445,0.6847216,0.6628695,0.4764856,0.3851459,0.546146,0.6305365,0.6399549,0.5378217,0.8463061,0.6475511,0.8000467,0.6665255,0.6893389,0.6309029,0.402097,0.3584777,0.6108989,0.5121464,0.7148663,0.7028638,0.7088081,0.1785691,0.1250743,0.5063717,0.4962872
